date,ukrain_pos,ukrain_neg,russia_pos,russia_neg,zelensky_pos,zelensky_neg,putin_pos,putin_neg
2022-2-23,3.388705985947386,-8.251739205484759,2.2044854601558184,-4.700254472603953,2.3523751939065334,-4.1637222192817225,1.623672491080537,-5.152331886779232
2022-2-24,3.733754923678166,-7.459859783288474,1.0364901067900891,-2.9739152451134685,2.726040800676374,-4.194150054610211,1.314031456095666,-4.773796526178413
2022-2-25,5.856333243805009,-6.9991747053380795,1.0085035556681234,-3.0972071945021735,5.318437364433652,-4.4796614621373045,1.1440677047006809,-5.495623218470732
2022-2-26,7.703014258196752,-6.085496399208242,0.9517459726674962,-3.4105478504912363,5.417496783152852,-4.036463632398818,1.1115706461060697,-6.182634983648843
2022-2-27,7.80660670261142,-6.8429105769193495,1.0144340983977695,-3.404348655640863,4.264980619508593,-3.66642452282448,1.2128643969848416,-6.940167725959238
2022-2-28,6.818041922558048,-7.070390350856122,1.0472649541444328,-3.8118795550493902,3.8223227420785566,-3.914737936990214,1.197449556132664,-6.0578978638158985
2022-3-1,5.631214163378671,-7.784334580398668,1.1374329956844855,-3.919172843570765,3.422481600762584,-4.313870395629037,1.0688691344148702,-6.426467879330128
2022-3-2,5.37620619062935,-6.572453536022556,1.0992377346433375,-3.2821576301151336,3.581865063495586,-4.059819824287311,1.1459039144632228,-6.01147762550255
2022-3-3,4.2435330681967685,-5.475562397551223,0.863281316978399,-2.53371371931963,2.7024522989850785,-3.157508288015943,0.941328096484598,-5.546189686864701
2022-3-4,4.758287810671547,-8.512862640706315,1.0204395549304388,-3.3437030418412887,3.0292092084581075,-3.8035704251281803,1.0095570332722514,-9.651307912271678
2022-3-5,5.789874367954153,-6.692026958419863,1.0650572077905165,-3.438831830825342,3.3490952270422736,-4.05499223196894,1.1661902623146179,-7.245617638230412
2022-3-6,6.126900645403018,-8.201004636935593,1.09587383730491,-3.535208612647096,3.2631618480165736,-3.9939953650612967,1.0984608312725883,-7.917942383961461
2022-3-7,6.612187080682402,-7.399753446083832,1.2914900545871366,-3.5320499742224203,3.27106315528327,-4.076275385390961,1.2228586924837188,-5.810905114314567
2022-3-8,6.954559441677986,-6.265900299920183,1.1576087895481566,-3.0348792431497724,3.413512984843333,-4.613310803051946,1.0997605570376041,-5.741097051674398
2022-3-9,4.898605139490639,-8.660744417464018,1.0909568487253611,-3.5243971046850477,2.9834846344608663,-4.30142125644422,1.022242077973999,-5.442606323149085
2022-3-10,5.00361133175166,-6.7925023414445915,1.128684004607682,-3.4366303620160186,2.8006929033536263,-4.584943930447256,1.1056947828627013,-5.601855759886618
2022-3-11,5.054343525059197,-6.749768376325076,1.179411376552668,-4.085963508936,2.8364200652462435,-4.875344014401767,1.2791760946489377,-5.749816973881519
2022-3-12,6.041786583328598,-6.747304265837041,1.1245953336786338,-3.8288304857647986,2.8216183999124813,-4.1066497929255,1.2018601616546716,-5.351963832970096
2022-3-13,5.066415259282827,-6.806987825787543,1.0752405826057607,-3.869904860662962,3.0025304746525494,-3.8162350463728862,1.0942823201700096,-5.957573796243841
2022-3-14,4.954085283987708,-7.477727060890984,1.2021993390692511,-4.319365771737007,2.7846959735583345,-4.161891810500371,1.0619271610542556,-5.583608017489678
2022-3-15,5.183015920394302,-6.506533425067189,1.165072353515022,-4.1157358599491625,3.2867878708888263,-4.6170992186067,1.4938817565449196,-5.783547811668831
2022-3-16,6.352566973986741,-6.026276917040592,1.073027025941264,-4.055869079040874,3.874814876225857,-5.30530681378204,1.2216833027057241,-6.2639734145647825
2022-3-17,6.502019041285959,-5.54374426693182,1.4585121258633875,-3.5871100652138157,3.6069768338724386,-4.5047598679484935,1.2547212741883425,-5.928003297563155
2022-3-18,5.130585318397729,-5.675015182327473,1.2958596674790297,-3.5893485811900177,2.9141605337568928,-4.200903326224591,1.3783112649968892,-6.4341096999916205
2022-3-19,5.332994077591357,-6.625011878977113,1.4685768699370683,-3.5422307424082584,2.82775193693588,-4.036128569625478,1.173164295395445,-6.245359781352232
2022-3-20,6.000322638647928,-7.227518409031117,1.1603383250591612,-3.00466490140367,3.245279685407024,-4.518770528800479,1.225172173768644,-5.905014863495609
2022-3-21,5.8360034311107585,-6.478301985801062,1.1223521703246684,-3.1347332553579834,3.0887863637252986,-5.258875674366368,1.2196099387949255,-5.3671705716908935
2022-3-22,5.999733105828187,-5.780851078745183,1.2298962954713342,-3.5018541722517496,3.5300622828337938,-4.678249189935115,1.1665578505914769,-5.063683827586523
2022-3-23,5.526424420197297,-6.547613091078969,1.3112200229730688,-3.590068019369782,3.6060487386632634,-4.731924761910906,1.339312702808194,-5.2310504263114765
2022-3-24,6.001390300334744,-5.7644193427105614,1.252109828964643,-3.2742556648662027,3.793564265203893,-4.504381745419098,1.1704625346211033,-4.967423022882927
2022-3-25,6.528710032192866,-5.727235476153991,1.2745568764246942,-3.47377042412763,3.407284577967081,-4.082782554677512,1.1644589121778413,-5.04820463390415
2022-3-26,6.263603290052483,-5.449829236184561,1.1777195379196572,-3.101040198770587,3.1234076166393367,-4.161442494060831,1.4249209142885733,-5.889567963478467
2022-3-27,6.075656132945196,-5.7541749629161565,1.2409843763142672,-3.3001080444934376,2.917423773350734,-4.615304807888958,1.3397536122031597,-5.870572352918102
2022-3-28,5.6058328103688275,-6.154465167476232,1.4551939957187394,-4.1579495972382565,3.1828591170480576,-4.426738200490906,1.147619152721099,-5.4221287240586795
2022-3-29,5.474580240653246,-6.634034582199935,1.5333012217679651,-4.2259707242992235,3.049343114539804,-4.195501046175214,1.1688350840008677,-4.913733318510354
2022-3-30,5.037568747411898,-6.052037774738394,1.5762077868073745,-3.6422041656861066,3.1513700900310653,-4.147500966057283,1.2975616582079343,-5.251950768396774
2022-3-31,4.905237236861547,-5.689032483126169,1.4874346240893614,-3.4318865287325213,3.0605011710766696,-3.925443005966404,1.8219338892089945,-5.26261691863721
2022-4-1,7.292629254982443,-5.574490565392509,1.3454600893825588,-4.174216965007792,3.1691151190735947,-3.563472375240884,1.3619839275624628,-4.997862030434328
2022-4-2,7.537410466139843,-6.263242480873459,1.2664283819405266,-4.350156047105097,2.9732069429340715,-3.855592924545524,0.9654620498601996,-5.055591045924352
2022-4-3,4.474991754246129,-8.636669192533732,1.1567252782408708,-4.790699279412932,2.578449317469308,-4.4633648534819415,1.0063779334164389,-6.430925602811144
2022-4-4,4.508748631319176,-8.373013553019929,1.0788580481798349,-4.753794904689215,3.1321297411919504,-5.243115912563492,1.085513630962286,-6.117812268339501
2022-4-5,4.675493538711009,-7.6845712447426475,1.0566614848802267,-4.970226145877782,2.60828969542314,-5.971481852309094,1.1440473242553122,-5.920677055859174
2022-4-6,6.126346583543911,-6.672911738521561,1.1227131971669717,-4.5159826474937805,2.7718504670973347,-4.858204553210359,1.0273015383044195,-5.288040060101263
2022-4-7,5.8500510527595315,-6.072932440421492,1.4882856000908642,-5.081306487462157,2.7154906477189886,-3.9934351483874657,1.0934321116218928,-5.052368677612179
2022-4-8,7.036872545356204,-6.4227150163648465,1.3097729148775694,-4.692968270057079,2.6940463003944535,-3.9139281793198033,1.0939621750734447,-5.1141605659316625
2022-4-9,7.0190511390563985,-6.132576848618173,1.1765397871825087,-3.425651778069533,3.6770229236991674,-5.296082248352817,1.303925300666742,-5.129545755857723
2022-4-10,6.77790283840486,-6.050730700945161,1.119144462924438,-3.229453755756046,3.196126668646857,-4.8065491621859735,1.1792589736043773,-5.604940955460159
2022-4-11,5.808870413203188,-6.731401634147731,1.3789807268901018,-3.4897168163759464,3.166521241815495,-5.493772369441277,1.080392106386609,-4.9300175305244025
2022-4-12,6.1059370674406335,-7.284132792064387,1.2463603467702369,-3.2944194792401404,3.754122399162976,-4.9414797090778775,1.198105671651178,-5.089145866810496
2022-4-13,6.697553114012152,-6.187423833554642,1.3890092216493448,-3.5619730327836048,3.6587160104211,-4.479316149344808,1.485437652419641,-4.776357577548273
2022-4-14,6.373595895234723,-6.053564250656563,1.3162771309387205,-3.9376325685276616,2.8745567178393565,-4.541416921384879,1.1729772009293828,-5.203087223609128
2022-4-15,5.559707106421841,-6.265319769720513,1.2327631698785648,-4.32604369090689,2.8854055722173464,-3.9554673268804392,1.1307167404447744,-5.397333030887718
2022-4-16,6.484778644200325,-6.535569424906285,1.2619069582437863,-4.488782176226269,3.3086657973462303,-3.791676538588856,1.2846092148058497,-4.92955573969008
2022-4-17,7.807911200704584,-6.8457945849697355,2.4227473054529525,-3.8328630239233683,2.9030908795204033,-3.9879545810222186,1.2749907803384466,-4.942380300082723
2022-4-18,6.958245662007536,-7.708707049444606,1.7148609674654631,-3.5441482377835714,2.979028289170342,-4.906007965888492,1.3252147868550663,-5.444030555236715
2022-4-19,6.535431980013503,-7.047336014663623,1.2578053753339389,-3.405328608804352,3.078866488996657,-5.3418052721159,1.2634580662893964,-4.46061051071127
2022-4-20,6.6866174887652345,-7.278205365451916,1.3527413030505515,-3.5490701284227906,2.8041509973795287,-4.560045668241852,1.1786799469872309,-4.348128477475471
2022-4-21,7.109285575485215,-6.2843522162216745,1.5501129211170397,-3.4348539622520047,2.8936057382876497,-4.15024524008996,1.6001697409873288,-5.6264287329677165
2022-4-22,8.004933937216581,-5.388601131616305,1.4877806590903753,-3.4961659393443028,3.1342956147211822,-4.405267479864596,1.2432309952315446,-5.235182004018232
2022-4-23,7.4444890106973745,-6.854701251100857,1.2667874150500942,-3.4924908223505757,2.9666623390138267,-4.819579817806042,1.4507435024616735,-5.03302881962109
2022-4-24,8.2709010559946,-6.291653524571276,1.1796899057282684,-3.260337749021805,2.9869400686735257,-4.476274297310144,1.3992622839701991,-6.247343421367388
2022-4-25,7.889951607889749,-5.847369654726553,1.5571852118508052,-3.282238921416315,2.935199819336272,-4.146650843155114,1.2532720739841825,-4.855322969870609
2022-4-26,7.2889526100482,-6.049558519322384,1.476813170314235,-4.068346071343276,2.980000376230895,-3.6953908603827856,1.4777508288540517,-4.225826022777786
2022-4-27,6.652332195801865,-5.916679263923849,1.6874685348260472,-3.6968239832739065,3.0982748795660218,-3.5230944718422808,1.7231348536685236,-4.636788211711362
2022-4-28,6.572094933590013,-6.281273622907291,1.507224069406974,-3.440257501812732,3.613902947805915,-3.959707470701088,1.2505993928910324,-5.269947853073162
2022-4-29,7.783273683427995,-5.879898722489894,1.3718991574044357,-3.268345656945685,3.6083179388156097,-5.2867792776489315,1.109198023056739,-4.815433687080656
2022-4-30,7.185004728873191,-5.1806526125048205,1.303312854534474,-3.5575998337826675,4.398200136757611,-4.472584389359055,1.110231402169822,-4.384474450387364
2022-5-1,8.528016507310777,-5.893454200231052,1.4152959286954618,-2.9981716264891034,3.6850752551799126,-5.2690165164235125,1.0180766319453547,-4.153666088788717
2022-5-2,8.224116778244229,-5.5698294833143756,1.5232803803227746,-3.7868829063826186,3.4986296842386837,-5.3192347448284005,1.1097542501344615,-4.243038364262653
2022-5-3,8.14864871011724,-5.497220221953252,1.3789775802397863,-3.6311310548079683,3.872405690297564,-4.509872303132242,0.9908511820710996,-4.429299275454316
2022-5-4,7.084078871609093,-6.1031290419949125,1.4476614392666547,-3.6904842021167608,3.6830327964287854,-4.251791377354325,1.14179520520132,-4.346851996153479
2022-5-5,7.341914630396823,-5.695147304591494,1.4200637958582767,-3.456098377781069,4.14518748072391,-4.12328032892822,1.460739190521413,-4.480303967527656
2022-5-6,7.781883199134703,-5.435917840541269,1.6015121033690616,-3.845814097736731,4.454799497472176,-4.205355743467582,1.579004195191621,-4.147561907842679
2022-5-7,7.950394162092333,-5.871549477328298,1.922483991278608,-5.649749803649392,3.733241034877061,-3.641549158110754,1.224089896799474,-4.298662532072815
2022-5-8,7.056278332158402,-5.72470370994546,1.3345114143054124,-3.3119952772338186,7.7915056299628995,-3.765495291725689,1.2287246574312554,-3.9622100637503146
2022-5-9,7.743313179437814,-5.572669271146034,1.8869533388923387,-3.806323668684665,5.0326526206581015,-3.942041337797563,2.1593425439769494,-6.0546733607792635
2022-5-10,8.40269738184556,-6.251517764878257,1.4745979594037681,-3.721959269110573,3.6767601891861297,-4.081378831761285,1.457131164563091,-4.955756955187232
2022-5-11,7.704044207893548,-7.53909292197157,1.3860280602518382,-4.136902709738762,3.3285329619791955,-3.7848663160339187,1.12073708248976,-5.5057775598526275
2022-5-12,5.864482618757162,-6.213049227810456,1.7582700515245662,-5.647243475135889,3.265300586583366,-3.899880579082261,1.4725912714723188,-4.8335360242325525
2022-5-13,5.386374409192491,-6.297924701896925,1.9361054293951236,-4.791159874388002,3.4614386613299213,-4.953702203857304,1.3702920477885911,-5.709476056249177
2022-5-14,11.997193904378678,-5.510452747573245,1.51908852276538,-3.615927456378242,4.012734621264862,-3.796984498297189,1.3213236494131535,-4.505213158988637
2022-5-15,10.113139005774523,-5.138496038117878,1.3844315678639456,-3.924553063030464,3.9022962984443237,-3.5746206446214908,1.1581237939218751,-3.903135027575963
2022-5-16,9.145006931445677,-5.670165543389021,1.694930057424197,-3.135832463612419,3.985132228465101,-3.5490098820649565,1.2902271109504373,-3.66583457349066
2022-5-17,8.24002106076918,-6.330527382381563,1.6737740385061202,-3.487054941964951,4.1468613948730715,-3.966066310201196,1.409026776673585,-4.251394610770225
2022-5-18,7.63129884216512,-5.551165880373824,1.8743758436465936,-3.6810169319888,4.122520350878717,-4.101152594818114,1.26194945584601,-4.15088364565052
2022-5-19,7.7876418537000305,-5.855163533913719,1.8674778532722396,-3.561594948308332,3.6211962133666544,-4.34332572197065,1.2544035060715528,-3.847783498535462
2022-5-20,6.360113233792123,-5.494165918215065,1.5164301156634827,-3.5404063217066186,4.629397544539824,-4.0884972452683055,1.0540236193945989,-3.8708850542679984
2022-5-21,7.2346463137526476,-5.9176071597844135,1.727669206179739,-3.8009089021671176,4.239513171908366,-4.2647317925164465,1.2989292393289975,-4.211968166444772
2022-5-22,7.4913084077959775,-5.749699407287589,1.5052938314262525,-3.6879517883578954,4.048225432044596,-4.533901159279563,1.1844177068540511,-4.7291300177272015
2022-5-23,7.4146684517180415,-5.709146819553434,1.7397596193662486,-4.23074117459216,4.0158435500120016,-4.91366863240374,1.071711071522124,-4.962404222187592
2022-5-24,6.742196118309683,-6.002802399583341,1.7065061914582489,-3.522792277559308,4.17191573900786,-4.352257113029918,1.081996094122266,-4.289382294874389
2022-5-25,6.737398539601978,-6.078175923780089,1.7754287433196296,-3.723540561516901,3.5459395938662963,-4.605732305469611,1.1466417709339958,-4.249674322311487
2022-5-26,6.250656629861903,-5.752280007624098,2.4261737724709658,-3.749117467995875,3.669657518929149,-4.1771994519457385,1.6660189791947542,-4.240851875924793
2022-5-27,6.697048502957437,-6.750474452274591,2.267154961811466,-3.4208596880525137,3.221329342316672,-4.0741863663121185,1.4748764607023603,-4.055210143483491
2022-5-28,5.896234320679304,-6.251909382226873,1.8175232845337272,-4.099288174346595,2.9191289811092656,-4.304433528727655,1.280918415722748,-3.6781950274840782
2022-5-29,5.9918028710293205,-5.755074282920233,1.9713750769554532,-3.702923678860357,3.2884408732028345,-5.364826749940471,1.1838397540251844,-4.3099492826172785
2022-5-30,6.1774396200756385,-6.66495581500324,1.7188814305319766,-3.5999218169778096,3.3574044933369462,-4.4887384502931305,1.306385684049018,-4.524566859767439
2022-5-31,6.5321953986097565,-7.10073676613971,1.8235503981945875,-4.339027645615744,3.3056263486115895,-4.179841948563241,1.1918825149179582,-4.619171555174001
2022-6-1,7.322053786338133,-6.650061901641166,1.4493026736658952,-3.7031736855567536,3.2069450180629984,-4.105365845337127,1.0810501757967594,-3.917736554107792
2022-6-2,7.309316065140376,-5.844172421177716,1.684924374550147,-3.5816164125711163,3.478272298288447,-3.6311118277301406,1.1174682077179432,-4.308479993188833
2022-6-3,8.174518381304173,-5.9574798064694425,1.6990809378574636,-3.619979996876458,4.783025501298348,-3.627331908762519,1.142924535476437,-3.984616313662429
2022-6-4,7.615930113657039,-5.940029221279316,1.5518639231136768,-3.8727409915605895,3.678544277793277,-3.8327454444980735,1.3153126922364442,-4.667741730515498
2022-6-5,7.906540657936929,-5.844037683291317,1.5972349057734234,-4.20993882095992,3.023181310314929,-3.8826423608175427,1.4652188649506297,-6.0653651423949775
2022-6-6,7.894978475916552,-5.936798285481318,1.6471435698795254,-3.9696479871445143,4.056987214999038,-4.014044262680431,1.3704490684746766,-5.22179089006242
2022-6-7,7.842333891284305,-6.028353969404206,1.644531569125585,-4.09998664669783,3.5985212954409125,-4.225734608550955,1.4019113140145445,-4.390564726520219
2022-6-8,8.077406009467458,-5.38036851218318,1.775440902343543,-4.063086341976941,3.641346765963101,-3.964333391313252,1.1268430359893378,-4.198667326949352
2022-6-9,8.25738412885188,-6.0440326097711194,1.7790795872498149,-4.0480772030778285,3.3558307487198125,-4.531968612555981,1.1511541101718246,-4.906880091759349
2022-6-10,7.174799183444895,-6.273702770762963,1.7857899936164132,-3.814853824087624,3.1720322579359572,-4.0166776260912656,1.5469977735322482,-5.3938708262472215
2022-6-11,9.07898943077005,-7.1858165751516045,1.517079797379539,-4.027379605266407,3.2164878076909917,-3.9969568468324175,1.4255007894427991,-4.635010685235153
2022-6-12,9.806993119462572,-5.9840858762436016,1.824007143190764,-3.665239661554829,3.02696209339512,-4.096999871074801,1.4865743932370528,-4.3823459085359815
2022-6-13,8.399319887858576,-8.003889405310272,1.8621387111912229,-3.4979337863317395,3.228201756197734,-4.5052589281246505,1.2645510776879878,-4.126187306976167
2022-6-14,6.830291559967215,-7.723303468269306,1.7608005133942637,-4.2644380148583085,3.016737090924396,-4.713114919353231,1.1092427736134265,-4.626832549918476
2022-6-15,7.061344551262147,-7.7275630090125444,1.8088277924098988,-3.7680367205846155,2.9933148899503537,-5.142112993338033,1.16915156991459,-4.867093124400314
2022-6-16,9.39254183092491,-6.104686016440454,1.770641214884514,-3.2482376769319083,3.668848815614989,-4.583279620817299,1.1315837157744808,-3.7758718428384457
2022-6-17,10.801877622058976,-5.741174004379713,1.5066253365652542,-3.292094469357872,3.5822790809347738,-4.315896213267116,1.573950329537974,-4.914243437249613
2022-6-18,7.133447807817701,-6.3154204754996215,2.0132794837049013,-4.03753550695568,3.862626452925854,-4.327477632814084,1.9808409939490241,-5.559851764947799
2022-6-19,6.914755684189728,-6.5992470071088825,1.877236380088874,-4.290810530598219,3.1543012320110977,-4.607627669041109,1.4822269494246092,-5.276502978247381
2022-6-20,7.360845552631527,-5.403277355534134,2.5297723669662613,-4.981612935038031,3.4515425560291275,-3.7145268876373883,1.5549545735589378,-5.5335350212977525
2022-6-21,6.858688961012907,-5.805004712456257,2.35247359470139,-4.499270006919823,3.2632861731860863,-3.9441779158671064,1.6209069867264214,-4.907817873676284
2022-6-22,7.797954328086003,-6.57122446717084,1.9799149697375271,-4.5043964663135565,3.007826080304741,-3.6255970283335937,1.3404855636880302,-5.307263838426345
2022-6-23,12.497116661444233,-5.71261325799201,1.6336724635993278,-4.001195969589735,3.1073562921431237,-3.15632878659814,1.2114928473118107,-4.595736724737724
2022-6-24,10.236992700691124,-6.901805789129538,1.7186752802449807,-3.636052622002409,2.937419277472701,-3.860368621965767,1.166489312451355,-4.575078979202595
2022-6-25,7.893430134171262,-6.661179856461947,1.886211897342564,-3.3698238759885224,3.6467697635638885,-3.7979855706680787,1.5392166106298717,-4.636429532038805
2022-6-26,6.79516057853521,-7.781157579187825,1.8102969266702835,-5.318246746995712,2.8039597301011168,-3.8948362851895917,1.5158939799546678,-5.743554001781642
2022-6-27,5.1343987119836285,-8.349519283141781,1.4571488428866737,-6.832332621136643,2.496096858848105,-4.3175982564317685,1.357686238221384,-5.937190938649245
2022-6-28,4.412090849337958,-5.586468201985711,1.6021426928253115,-5.288089986125821,3.4815471752359617,-4.2304920132273605,1.4081805416276083,-4.150757690093887
2022-6-29,4.708538233263014,-4.9301941886105585,1.3873921747241686,-4.7352794348094855,3.7024647405372937,-4.514270519818654,1.2573534415651322,-4.291457582612622
2022-6-30,6.45386823875229,-4.834862153177662,1.6639566092163118,-3.7321742297883254,3.8283500785353177,-4.3161558057276865,1.599553871428438,-4.913063370413222
2022-7-1,7.863290743263541,-5.726636003323003,1.6290801258633698,-4.329512575865165,3.5112562333767148,-4.323556525794725,1.491349168690682,-4.600257908217253
2022-7-2,6.089885342035724,-5.799781592499,1.717109473786801,-3.830427011344229,2.811382353378209,-4.606976315139142,1.669807879973103,-4.490259801396549
2022-7-3,5.2938820684450905,-6.934925132371113,1.8870430383533503,-4.172710566712999,2.777468858012264,-4.137471338888886,1.5455547258422646,-5.305239901297922
2022-7-4,7.137253162493515,-5.295600714038586,1.7333309012733629,-3.4237867521469236,3.3307233402040968,-3.9341147032236803,1.4898842038598883,-4.571393794139476
2022-7-5,6.001523792378421,-5.1947086491433465,1.6766560732752809,-3.7723069733989316,3.2719072572332126,-4.238449365131793,1.816360919693452,-5.11522389128615
2022-7-6,5.044517447260884,-6.296516062844888,1.9904395279362737,-4.0715513307434685,2.882820631191811,-4.306237706277023,1.656986369480144,-4.841795464923672
2022-7-7,6.421060893208756,-6.590256012885122,2.021233826790593,-4.2459069131621225,3.022779196961596,-3.6449694006447375,1.465249828887902,-5.428056699887548
2022-7-8,4.7100316384996885,-6.527522174075218,1.899706917858054,-4.776369138827233,2.81433843841877,-4.205866960307522,1.7337021097711576,-6.500193966720063
2022-7-9,5.938530207138304,-7.01215595781661,1.626933001384279,-4.1376724118069355,2.6775846559286807,-3.8733058245001497,1.9436501744368628,-5.599982654009299
2022-7-10,6.91964218100839,-7.367921430807519,1.6127107368776092,-3.4503929842001644,2.5779214127625267,-3.959350444690838,1.345212820742544,-5.527459168225786
2022-7-11,5.408211580960557,-6.057211367072823,1.8665030588417357,-3.6062035691013663,3.1066560965098926,-4.30334281199189,1.261456911112073,-4.900875490533027
2022-7-12,5.580365097841925,-5.799382939727148,2.1293338375896664,-3.953702611626233,3.236184174166792,-4.6509716708446165,1.286715688952187,-4.984896447764812
2022-7-13,6.538811826378133,-6.615305723234786,1.552459768136235,-4.47947424177505,3.2532261799383813,-4.4440238319814735,1.3722656881424362,-4.6971049869300545
2022-7-14,5.7972968667093285,-9.840345076702947,1.6541934088388175,-7.5761974722915975,2.419850566249382,-3.92623322634376,1.5344260652463435,-6.214429946940831
2022-7-15,4.692073713389212,-8.417972179694017,1.664575293495862,-6.944644530556537,2.370644821114841,-4.318052525803348,1.3190400971227143,-5.732284542302513
2022-7-16,5.395239476593653,-7.389044500208679,1.739372785359175,-5.2588334266389465,2.624303207768258,-4.547811767682218,1.314202769560494,-5.325545380648211
2022-7-17,4.529016264340759,-7.313938102084728,1.691705578978792,-5.17882360989789,2.3515894839240508,-4.365893851873159,1.1903944471212575,-5.570110012318424
2022-7-18,4.715547890099902,-6.0508946865646775,1.6613591063174462,-4.738647206909758,2.9949314460936134,-5.6335642905187475,1.2563852910609363,-5.243388510321491
2022-7-19,4.7031273870627235,-5.71584157728087,1.9268420307175609,-4.170980505697928,3.164158562081452,-4.799265807878966,1.9679112541648984,-5.523653560565005
2022-7-20,5.162053888390322,-5.960237013850539,1.9829731342135883,-4.475084641124688,3.0927026506958164,-4.807136280875715,2.360730484315035,-6.435440299452115
2022-7-21,4.917836004530207,-5.755424856253635,2.7053448470732766,-5.042608325795462,3.071554755778688,-4.370684312304044,3.7154422946734305,-6.871091527237196
2022-7-22,7.488448650457745,-5.556825959227654,2.0400235950240435,-4.8212871558125565,3.2635057554342435,-3.8121265501683914,2.277490677009255,-5.502447609388248
2022-7-23,5.673139967395017,-5.608222200470758,2.134576021928001,-5.5147891462614655,2.9837563289589633,-3.924934247112085,1.8307018040801557,-6.857234282006169
2022-7-24,5.749500944700289,-5.845743248204298,1.9878424058710995,-4.5649845218007465,3.2789798961906724,-4.109543890600115,1.3247666952774195,-5.017949383949406
2022-7-25,6.47813976576299,-5.625746586929068,1.8282568469971343,-4.330969829243754,3.085632648078484,-4.555664314528603,1.3666241926424454,-4.888477287961033
2022-7-26,5.977401227657545,-6.107018046521215,2.366355404022802,-3.990050452968207,3.764768335716618,-3.9813531978899945,1.3558538768283974,-5.151713832125674
2022-7-27,5.467919162252454,-5.948098379131098,2.15386936890614,-4.0532434809377555,3.9126318694456734,-5.967542693943933,1.4413819708356606,-5.006185983490582
2022-7-28,5.938575933763584,-5.609288946314889,3.0811149862974205,-6.149483502130063,4.40131070578464,-5.028712229704755,1.4277219565068504,-5.3862370342352115
2022-7-29,3.647287986644524,-9.810365715441849,3.2174648634181886,-8.50121981769641,3.0054273576883723,-4.191032597563429,1.9483628113539777,-4.097944154986455
2022-7-30,4.263170200703772,-6.692027106141274,2.805339729432624,-6.9768993243276585,2.5640551913669123,-4.3633518688537505,1.3867908108834817,-4.999830847764891
2022-7-31,4.3886794044580535,-6.628683923272388,2.23421809066735,-5.4291028157673225,2.7195303454749205,-5.004899310135795,1.4178755913554084,-5.263258384679895
2022-8-1,7.115129642735642,-5.789693384882151,1.6476177369625578,-4.5436626722402,3.5812103748411,-4.2952463507685685,1.2623728509792718,-4.345902183874556
2022-8-2,6.131314366225798,-5.09630274646131,1.4780844498620838,-4.509853080756083,3.39682359135814,-3.889381584097357,1.0513766832397116,-4.631786303650952
2022-8-3,5.404234167461749,-4.837801005973648,1.8309664094777165,-4.642319943604211,3.5338599667117077,-3.932555855093254,1.4276391245964029,-4.4163839152656665
2022-8-4,4.620575503394034,-5.736568196296673,1.7988130225744488,-4.550496318559736,2.9286027548098748,-4.39345172807471,1.4866148075387295,-4.34462860342141
2022-8-5,5.543749049223615,-6.970307181991347,1.6139057514923654,-4.196545667293536,2.524794054015356,-5.286398167339335,1.5161755195469584,-4.542237409097009
2022-8-6,4.417640562694312,-7.41131406069091,1.567811019523664,-4.171817495949203,2.5420911761868417,-7.868602745487242,1.4748724333283,-4.3015578622571855
2022-8-7,5.2571640859522555,-6.528137665067978,1.5153862527187183,-3.85563446830752,2.8731001771412084,-7.867328630446561,1.083722090064546,-4.646350891916723
2022-8-8,6.584554519645112,-5.982425048843052,1.7430887722311332,-3.9453098135500686,2.9613997721811764,-5.373637324670828,1.1829057651061092,-4.366776301403203
2022-8-9,6.905054526295086,-5.91290041843953,1.9533490675001088,-4.231192273989983,3.11272751019233,-4.730663392433232,1.3524352350379232,-3.977445359178399
2022-8-10,6.423137038197599,-6.3713321955527995,1.7831581089641386,-4.537638601743625,3.078918556558792,-4.462815758429104,1.25912584210676,-4.4577770829692165
2022-8-11,5.86032018753819,-5.812830332330321,2.145660305784033,-4.9231481068606575,2.9240771561761485,-4.2172642861507486,1.2827591043493984,-4.820769774827181
2022-8-12,5.985198746072228,-5.317387426599547,1.8492887384205687,-4.643964074106996,3.0109482967548584,-4.637171332018177,1.4261717396693936,-5.132196147795874
2022-8-13,6.817042873578732,-5.7348611188809535,1.674341404121999,-4.908090749092634,3.0577183014512257,-4.668054711491987,1.2616963630900755,-4.704208020403762
2022-8-14,6.177371227563957,-5.278939916854745,1.7493623469006248,-4.8412203033214745,2.8082778792960683,-5.440007593768654,1.1876002793977187,-5.1164491202731766
2022-8-15,5.6716513260021415,-7.528036057871728,2.047000212429823,-4.169751694240018,2.8137781123553656,-5.687376112826168,1.6932023103341864,-4.769462782809996
2022-8-16,5.879600561505091,-5.902006443273281,2.0108160367918635,-4.1518357205800624,2.945185523399416,-4.187005291065198,1.5344041049981054,-5.351372115365353
2022-8-17,4.938885762370675,-5.937084874854054,1.708753237488167,-4.274456692677585,2.802317177669735,-4.0315984434926895,1.4120025796485456,-6.725954752470787
2022-8-18,4.7189343058730016,-5.6132119265610925,2.5167297874763475,-4.318353047004544,3.2084316208555355,-4.316663607827431,1.7071992394555244,-4.517311360452394
2022-8-19,5.92219042201162,-5.246376111735144,1.8216133209827945,-4.259122559933175,2.9876407201690967,-5.369129206799856,1.407893736672838,-5.596546113188547
2022-8-20,5.769052192915501,-6.4453203960645205,1.5563177804127215,-3.625969990934128,2.524479834217391,-5.859471816526535,1.3936565141358557,-6.013788441769019
2022-8-21,5.017088372580148,-6.732862846180817,1.5433476683926952,-3.735952337111879,2.6812640341269725,-9.28618906793391,1.496948873865492,-6.180086062347816
2022-8-22,5.483708390353823,-5.864716342366271,2.458529956755775,-3.975998056800524,3.1055273434238897,-6.704171551894543,1.6935803378253609,-4.965306263066855
2022-8-23,7.969634260285484,-5.685161322152893,1.6777857155392544,-4.093934748631824,2.9013618467881783,-4.962636270796956,1.5794696228877445,-4.510443921675464
2022-8-24,19.07784187855766,-4.9997856454675995,0.9519714950581628,-2.9200079865599875,3.588486678305832,-3.1632824632983363,0.9566571215772416,-2.9464237656113927
2022-8-25,9.162020286530767,-7.291656573379794,1.314531508744917,-3.734217004838486,3.16760171274575,-4.422853581529672,1.2696093351058897,-4.083047689342984
2022-8-26,4.587319650372588,-7.362692885567737,1.324733951406085,-3.900849603977071,2.9377032822527345,-5.565671671028303,1.071300579978153,-4.859172013956926
2022-8-27,5.1132832004343065,-6.571842681665969,1.6403840598269073,-4.321546881646716,2.619692979093956,-4.4989674075689985,1.4075841891116032,-5.496814655729432
2022-8-28,5.116365486238624,-6.280396061474267,1.7648866480346834,-5.617303503266023,2.9356844413626817,-4.273367915406285,1.6612206888587109,-5.373978201318195
2022-8-29,7.919025799980754,-5.37977509981129,1.5111936295792632,-4.999628153089381,4.096893137603602,-3.8344469471214073,1.1213076293381783,-4.587031739496767
2022-8-30,5.9376136134712825,-5.958610527253258,1.3953370870556845,-4.458483979462881,2.9084281973836923,-4.1012881130036885,1.1343565311313222,-3.9669133043910794
2022-8-31,4.892127901444399,-5.2981546924840925,1.7770943860986876,-4.556854195787191,2.9230362512148464,-4.528475232704556,1.356865050472804,-4.274223749120518
2022-9-1,5.0394191092797085,-8.83562398491579,1.6241685456430397,-4.512364605322135,3.2712554056443066,-4.130273221237299,1.3534923446636629,-4.892932320809177
2022-9-2,5.3236051926566335,-6.888274951286592,1.9259459107284924,-4.328978759177405,3.2013307058371603,-5.227842670306139,1.6350390366285357,-5.584825855689934
2022-9-3,5.7974804528796176,-6.066098786048478,1.6708128735101593,-4.202954955780306,2.5388964794383178,-4.949651449542724,1.7538544357430983,-5.813743707797006
2022-9-4,5.496395743946328,-6.412793815573169,1.5820020899411524,-4.750710804082551,2.8098771722131213,-4.402463643544445,1.6865199713712216,-6.4367397216547575
2022-9-5,5.552790695061719,-6.288672769609487,2.098983773154156,-4.836404531029144,3.8685118925201496,-4.410556279783836,1.6986424439332553,-5.549281465117698
2022-9-6,10.763494467256697,-5.6690333637320816,1.8556775523706288,-4.594725211914469,3.599706829655529,-3.728784136618662,1.3307363558739496,-5.622415550142571
2022-9-7,7.726991377905331,-5.4213181891759366,1.7951794192537618,-3.9719992793940437,3.1033237648892857,-4.173104033376795,1.7387470708699968,-5.494820279303631
2022-9-8,9.101095393216292,-5.255856968987875,1.4825548297760975,-3.6022607779703195,2.9154514840906245,-3.632051657199245,1.7771829981857143,-5.1234052853106
2022-9-9,12.562723730475586,-4.713094275557714,1.56790970514705,-3.6629615798028254,3.479350835355706,-3.0050954507960097,1.6047573994090465,-4.085171875709601
2022-9-10,11.706752863706598,-6.197562164256074,1.596764936998854,-3.970828520957561,2.9444424477947213,-3.0054345689928623,1.2577732218113136,-4.734549569066838
2022-9-11,12.262111292355813,-6.233709936446241,1.7611332057719389,-4.232110812159268,3.153535977303957,-3.144692745254955,1.2968532061851648,-4.1684107619727815
2022-9-12,9.300007101931746,-5.993153434908216,1.8979169341616169,-5.923861825199764,3.3218856513680346,-3.797154941458008,1.2025400073998815,-5.842559651864117
2022-9-13,8.228191606030713,-5.237766533713032,1.8043955978617792,-4.4547393714764825,3.133426448117175,-4.148056993793522,1.2768090508892216,-4.986357374249336
2022-9-14,7.774719212744723,-4.6014868519942285,1.7796754235491437,-4.3320140579136766,3.934567786446076,-4.0733614624362176,1.3362970248895514,-5.083232976835734
2022-9-15,7.5410873083347285,-5.598705108317041,1.6599285172692608,-4.276043951235992,3.65541543755067,-4.228253638701838,1.7140513642718174,-4.652182156030715
2022-9-16,5.5953057907806745,-7.14367854228567,1.7299445393511546,-4.62104984355044,2.863991493770712,-4.207485318168558,2.0124740471489906,-5.580483702464094
2022-9-17,4.81126575404558,-7.472865727586483,1.2663289620687486,-4.79780138186363,2.8057519283894607,-4.3151639149850824,1.3050660543387884,-5.084144907425491
2022-9-18,5.7521768114109335,-6.512118977094853,1.4636168213166605,-5.9464345487142305,2.820677545944279,-4.5848947968413265,1.3154892351369696,-5.335344013651841
2022-9-19,5.3232870656360385,-6.075991516531402,1.5347190280091836,-6.196074885543803,2.832943719226788,-4.110036220416366,1.301427103824618,-6.0522706809301825
2022-9-20,5.06723533059717,-6.263630843055718,1.7938687244008416,-6.921731998833673,2.857790247423317,-4.9698085654385356,2.0121200185988197,-6.785128507888089
2022-9-21,3.6751614192600046,-5.816578903974947,2.3545620210624305,-6.026962585926581,2.4367938449845883,-4.309988203812384,2.7443431261670965,-9.629036649317767
2022-9-22,4.212931768624848,-5.331325687892551,2.1313231064149902,-5.367182041914653,2.7665056965712465,-4.8561110435216275,2.2080880329712835,-7.644378389949063
2022-9-23,4.682028547756206,-6.076428504558447,1.8331505409564848,-4.987406220833546,2.716658170129312,-4.9834315957076285,1.7289574479731302,-6.762819450230544
2022-9-24,5.125039266147541,-5.61414379502776,2.1392053868116974,-6.021815806123394,2.7611679829968043,-4.318187187425612,1.5971336883220473,-6.604106881599259
2022-9-25,4.5287064657153735,-5.784551285911852,2.0991898573678505,-5.445841559382738,3.3738175107845962,-4.129842947598431,1.3630615486207076,-5.987631369887724
2022-9-26,4.470232523092354,-5.3787574229762445,1.7641312800334652,-4.698685767540088,3.8441428428866917,-3.735825959525508,1.6099641478157511,-6.0447136356865405
2022-9-27,5.114909599736534,-5.763098123764435,1.8530549986118112,-4.6793466329956335,2.8787304656559436,-4.8060208891287415,1.5164599637596732,-4.893556324494141
2022-9-28,5.803965694635414,-5.257739066020983,1.9667705979772292,-5.007469248788258,2.9183845847557497,-4.323760361705764,1.6186939775672409,-4.974699624087169
2022-9-29,4.7084053958134255,-5.8750874564412365,2.00936228046427,-6.255348783931806,3.0009421626818216,-4.409279839281341,1.7497884599050095,-5.6452055927005755
2022-9-30,5.366579703898258,-5.309559000904017,1.8260859901504758,-5.4577072299302944,3.4777938016297996,-4.264093440529572,3.1701000304471965,-7.541373123993233
2022-10-1,6.183503541186745,-5.1486202601364575,1.5494861827809412,-4.639737868756593,3.06583552569628,-4.235089221853037,2.3421757945778108,-6.507094379444088
2022-10-2,6.743137605593391,-6.249689858594363,1.2102489069437132,-3.7598981655192483,2.4752518730289483,-3.9253631368234316,1.3548426144953576,-5.151470558084458
2022-10-3,6.074004565761168,-5.914445187103009,1.2949799420521813,-3.597265640897576,2.481818263465916,-9.457761635499724,1.5592693819184154,-5.369594773387093
2022-10-4,7.522807320545406,-5.850377291114408,1.324255306540925,-3.6505292841068817,3.228821362807431,-7.478585069523902,1.3355522437831722,-4.677573321424814
2022-10-5,6.603968687674153,-5.147716453116272,1.558206886563592,-4.0264703195110085,3.1616456419744936,-4.914412573464435,1.7493505750604363,-5.22136737920947
2022-10-6,6.205415864118247,-5.240719660062382,1.7219430869549597,-4.152529931731815,3.7310739021382697,-4.766035393259583,1.76476166249171,-5.518365832981592
2022-10-7,6.329968132805784,-4.493237486303746,1.769549418007356,-3.6160754938666533,3.6345534869056353,-5.69834476689803,2.9671785034966187,-7.0381426458773975
2022-10-8,5.348950580154186,-5.575046363872375,1.5703698481388144,-4.382993520743503,3.464454098086542,-4.994787970978988,3.5953456473820027,-7.44556458333875
2022-10-9,4.415678681401944,-6.701025591779169,1.449246773059651,-4.840090085621407,2.799265524135306,-4.895473986457387,2.118629759963261,-7.523403625025277
2022-10-10,4.737594536315688,-8.682547111639758,1.4167938423123352,-6.145793875109585,3.5680709670978006,-5.419952089653688,1.3649307968562792,-7.321934756333505
2022-10-11,5.961337957869129,-8.809017050158719,1.4520151496099163,-4.91003838967832,3.2056094948096363,-4.356558507689283,1.3768995262179942,-6.194064992395772
2022-10-12,9.2215582783108,-9.5514984790952,1.5511945126198836,-4.290645314032574,2.6117785257505237,-3.8093132605743145,1.3387736369763668,-4.98932477124099
2022-10-13,6.494520176160632,-7.737568923426942,1.6180051843444705,-5.6637406428540435,2.8337697531279518,-4.202407162640649,1.5856758883247346,-5.249733194650838
2022-10-14,6.145896342498737,-6.827725070057322,1.7100710480092138,-4.516118481379504,2.987643964384449,-4.724533366731799,1.6507181033918463,-4.6424176191203825
2022-10-15,5.736149821757426,-5.988316446220219,1.5895313456292883,-4.139754946692798,2.8655449190308704,-4.286301951608406,1.875227838159485,-5.332040300491063
2022-10-16,5.492178129430081,-6.721819198190361,1.5907325002439718,-4.38491527532539,3.0063949859496577,-4.344013923438717,1.9566075510427736,-4.592164303349657
2022-10-17,5.23598519064726,-7.307935698562133,1.403003236690575,-4.694044227786743,2.6290125074377206,-4.697126449453209,1.2419785048741747,-4.343485100414797
2022-10-18,5.2564256179184445,-7.38335056843271,1.5225649033930992,-5.172041224446835,2.7658044310335566,-4.43949154844658,1.0611132267280592,-4.542076214742258
2022-10-19,5.530438021464226,-7.531365312433406,1.7111115600509386,-4.763052045718792,2.592651846847061,-4.575754259765407,1.9067921717301657,-5.480955299490835
2022-10-20,4.4493638831095295,-7.55728499431968,1.7300867307442556,-5.5809874443751895,2.842396683710882,-5.029182026312871,1.405836949356144,-5.059819559944881
2022-10-21,5.745729556247585,-6.3719940825531625,1.6340130103196164,-4.560570466916718,3.2408328365370362,-4.872463249410637,1.3164387072094628,-4.189079863848687
2022-10-22,4.306072771821948,-7.264401743343088,1.55564966241765,-4.096396164189127,2.790015598084476,-5.2968105711590585,0.9733773230343704,-3.6626144786633468
2022-10-23,5.264250354674774,-6.290098054591775,1.7802449707677144,-4.32532750482498,2.6710985173232293,-4.947778832270842,1.1416899578852304,-4.571015621029339
2022-10-24,5.713912558112389,-6.4569030631530575,1.6522680063138926,-4.4082803423999914,2.7888175442802634,-5.162429628304982,0.9825778975907252,-4.2049558283670985
2022-10-25,5.334317375671127,-6.580483634487038,1.5494245691994035,-4.606209892417094,3.4892645707506857,-5.629702358753246,1.1385225631935394,-4.799724905064156
2022-10-26,4.988576057482766,-6.058356662071367,1.1904944165720284,-4.239418230774295,3.2006564714657437,-4.890813229844123,1.0454850104862785,-4.324666482193278
2022-10-27,5.916598634864907,-5.146650201097494,1.5919120373923443,-5.7157601904439606,3.054277862448306,-4.237955756281071,1.7508528155422272,-6.8888929898681495
2022-10-28,5.384870723495967,-5.269818519538143,1.6089602305182131,-4.421272394176729,3.7548217117347606,-4.118828050023622,3.4803709860660885,-6.059527418461753
2022-10-29,6.7421878041274725,-6.180415075669619,1.7019733994986428,-4.367270460567705,2.9577182977004064,-3.4502124536732124,1.7715604177040218,-5.067036016393139
2022-10-30,6.540260513737772,-6.1117392317350845,1.9750713095118315,-5.040711174140071,2.8449546830624293,-3.491346209867713,1.2196503764676292,-5.113817169284483
2022-10-31,6.4103069296625135,-7.285277201518069,1.8971628488697665,-5.109355731755538,3.107840501809609,-4.192474203499788,1.4727871012550129,-5.072584460100487
2022-11-1,6.460022612275973,-5.919223763948248,1.7072355643084176,-4.9838267049525085,3.463457840631662,-5.08628518559042,1.451835348935991,-4.806729296769492
2022-11-2,5.511878983263209,-5.646212093806954,3.455311418716556,-5.4956227667713895,3.3539421162248266,-4.395260363323185,1.6145503202788145,-5.161823843204048
2022-11-3,6.091941512897288,-5.552862572274746,3.2047021179676527,-4.3533826232574215,3.3066428151389395,-3.90569431312096,1.7139084305000107,-4.832078892458187
2022-11-4,5.572426652271417,-6.646780497910907,1.9334204701169035,-3.9248541209980368,3.1424044697231963,-5.46707768966096,1.6482858893509311,-4.3867011518768235
2022-11-5,5.167175924208376,-6.626484639407856,1.4144211272819522,-3.7367050645690254,2.8999194090602662,-4.534699307550482,1.4888318241198335,-4.346030400433705
2022-11-6,4.868881435885308,-6.322224187902252,1.3420670141761917,-4.370247994780459,2.6550579957260974,-5.012859799829236,1.1232985785225342,-4.948290812586918
2022-11-7,5.602864874617501,-7.149503003545027,1.7317583495880098,-4.395687133588513,2.6102917854278767,-4.961209558772143,1.1417889942304404,-4.5137336376921295
2022-11-8,6.567611356565035,-6.1631110954536155,1.9263298585496662,-4.11426625854971,3.0055284580108714,-3.9165402929246738,1.5563602127294711,-4.876014615638642
2022-11-9,7.1449446923674245,-6.563517150587381,1.68388761837425,-4.031543902888695,3.3098986871345963,-3.431214032309534,1.174835549110862,-4.3445965503828665
2022-11-10,8.942936089793717,-5.445657323358362,1.5915875255430656,-3.869959374230023,3.11526088022452,-3.1557451645189936,1.008002675580766,-3.9965709439982553
2022-11-11,13.472200910533614,-7.20324783234741,1.3167626019945275,-3.2877430039471647,3.4541440695950727,-3.1273288706487286,1.008234935794192,-3.2028133394471245
2022-11-12,14.416651304952836,-5.154856099500744,1.3085650585396518,-3.812075539011904,3.477326317602504,-3.0547355705923644,1.0419017792319252,-4.034037936084186
2022-11-13,13.255667243588267,-4.605276491335472,1.3594164871496346,-4.024181798320241,3.3147064652035665,-4.876904491198243,1.3249423616696618,-3.746953259234023
2022-11-14,9.579647666846194,-5.56339239027471,1.5077085033519098,-4.242381340869598,4.742600123648189,-4.5844111220651405,1.202732045815729,-4.357435278012137
2022-11-15,5.081944634820081,-6.672100303558732,1.6082527948347292,-5.022484138894344,2.9921085126484965,-4.232321032441106,1.0073691623618481,-3.92086855159948
2022-11-16,3.923422878677034,-9.182073818724334,1.4928406875128497,-4.294093648483335,2.802884137453242,-5.6590621969904245,1.033399585771614,-3.442812232218852
2022-11-17,6.359052671018922,-8.27186789290632,1.491108922446715,-3.9166637754982734,3.229655416787724,-5.8407602798864495,0.9237762858630012,-3.350606493370287
2022-11-18,5.953641282515606,-7.206272687350651,1.341462272656507,-4.416242492587938,3.246449503409038,-4.443034579028579,0.9604145368314312,-3.806620555316078
2022-11-19,6.773679380179155,-6.605932703265113,1.3114667560285742,-4.049125613747013,3.4609482883981224,-3.8263297092709143,0.8765345294368602,-3.594732624480337
2022-11-20,7.116977222416383,-7.203559031161834,1.4200262742678014,-4.537522056469301,3.0545052419743044,-4.332712453812094,0.9999026222530089,-3.4351597668151594
2022-11-21,6.487105515103358,-6.368951004012983,1.3892435372471779,-4.495231433992854,3.1320189043037607,-4.295016944570999,0.9988659862354138,-3.278308983641397
2022-11-22,7.09591764155476,-5.797077418757143,1.5673028594792495,-4.009249959900186,3.2267491324459483,-4.605007931225169,1.285808783579551,-4.072678268592044
2022-11-23,5.3990487285543605,-9.605944725194954,1.6501276574101171,-6.621475167420075,2.7385763546003488,-4.280004844384799,1.5281175607284712,-6.114933860663415
2022-11-24,6.508562677095678,-8.64939585958034,1.4575068791848211,-6.134181722075254,4.070576528853893,-4.2825629412627455,1.1588570469990944,-6.0900421904083535
2022-11-25,7.505907378797,-7.784815592271675,1.3828658573586896,-5.018256134768828,4.548691793172757,-3.3839595921975807,1.12427334932504,-4.3828314644219555
2022-11-26,6.141892284398234,-10.628136243676886,1.2713842736416892,-4.396431037570421,2.7992216168402617,-4.1613949877201675,0.9882981476776096,-4.034684719747897
2022-11-27,8.833497866746418,-7.9635040013573075,1.5216217576134152,-4.202161570937527,2.834236144764337,-3.866947416357712,0.9922975049381696,-4.1847144123128235
2022-11-28,7.8763188701306674,-6.391074447549187,1.6081346499236209,-3.992713358789018,3.5583285690093454,-3.5596785290350903,1.063221326814224,-3.988868507385277
2022-11-29,7.099857821900407,-6.190920473097934,1.5280619531700346,-3.97930999762044,4.395263664328242,-3.2920993731608763,1.1355449080660571,-4.170246276078067
2022-11-30,6.677689657374853,-6.031938964241997,1.72148787832643,-5.181288357163632,3.3656652989858187,-3.124104239084279,1.0761398550625525,-5.826598164445782
2022-12-1,7.403510864223056,-5.467483220343559,1.6702590898190002,-5.022903490965102,3.167816436300013,-3.438328326962416,1.2089877792125774,-5.373310075227221
2022-12-2,6.873785035025735,-5.9748237027311815,2.0507680300818496,-4.681332839043458,3.3065017834367905,-3.6142992873152298,1.1092743729508308,-5.110083238435212
2022-12-3,6.043353129853023,-6.029503191300693,2.2642736759283086,-4.543684455293298,3.115005672594591,-3.880456954778491,1.1171434298470435,-5.304086210399297
2022-12-4,8.503225888092787,-5.524396806720243,1.7675241057761664,-4.065025220380051,2.6052594565214733,-3.6585275038539136,1.0544450529792926,-5.032041222308061
2022-12-5,7.693762989255606,-6.464793360645633,2.102753842125856,-4.896431104289754,2.9386401415945067,-3.5677817759505235,1.039210946852373,-4.241495110266143
2022-12-6,7.096490895470836,-6.838307963870492,1.7026678568453215,-4.173802148563331,3.9667233174973453,-3.949047269335269,1.051141042731346,-4.2740445812152865
2022-12-7,7.015986649640998,-6.548029428255767,1.368328091787565,-4.097820722836526,4.659223725682971,-3.7202161478976805,1.1191592067104108,-3.9384891290978814
2022-12-8,5.993988467755482,-5.389992755851452,1.7192351680483422,-4.827706384823016,3.6931604730932217,-4.236701076814107,1.5622897627492704,-5.0952589125797125
2022-12-9,5.514854887334399,-5.951950106164737,1.879727195439902,-4.814379730598843,3.1062865128933588,-4.7329388272397415,1.4960411684274886,-6.087112885997075
2022-12-10,5.332659258881034,-4.732515991525939,1.78560632409704,-4.1772740327306925,3.01488135829138,-11.544151565891474,1.1358496065863095,-5.106204574546561
2022-12-11,5.0240684952484695,-5.096367468566191,1.5955621197912926,-4.432667840893943,3.9198358607524533,-13.071604317303136,1.3081589755178922,-4.70655214190951
2022-12-12,5.972803655305295,-5.752637872609836,1.9270507656021407,-4.295744128111553,3.3397551423872622,-6.263826101710267,1.3556074327428238,-4.122764984616045
2022-12-13,6.505710970142566,-5.574767472778991,1.5618447512733191,-3.603928623829715,3.478893819552429,-5.969831108512008,1.0905431006905604,-4.351976663032223
2022-12-14,7.759948806420295,-5.976304161962083,1.6576160882500075,-3.858396515388088,3.402268539040086,-4.233243431495514,1.0362284458262931,-4.726477887064671
2022-12-15,7.130214808237933,-6.067255422422803,1.7306932697474693,-4.648396613366399,2.8204481540123814,-3.741740978424875,1.2064480929093104,-4.8288479403473925
2022-12-16,6.575106711799784,-8.222481782003838,1.772113910133858,-4.75880665763787,2.843978262890403,-4.365197920418416,1.2857974453930825,-4.774309596040525
2022-12-17,6.078445467217313,-6.056559616216317,1.677987851696466,-4.759274672084555,3.7358257047904457,-5.150031586463081,1.2089023635636185,-4.766656884891087
2022-12-18,6.802179664590367,-5.7215370039477405,1.5899078955400752,-3.8620690714457897,3.2684823038917794,-4.8640353909995175,1.1928399586769485,-5.0183656474375615
2022-12-19,6.415132076417724,-5.860520018174844,1.6153117051090702,-3.7498306097174616,3.3400229711516882,-4.176375082666892,1.5761793602909504,-4.6353753287863935
2022-12-20,6.977618805198864,-5.1200591556253086,1.7618007140244554,-3.871350473917703,4.991699288028553,-4.024280746286139,1.6466791524816553,-4.683279406008067
2022-12-21,8.327875372924332,-5.079104719504757,1.5195347547717204,-3.8323005848904783,5.542846930580108,-3.8775867720407518,1.4561583032235617,-4.061360490013561
2022-12-22,8.581646460207455,-5.7912598869670715,1.46120861703948,-4.348082606454392,7.904587438439792,-6.96120114870816,1.5638418831310772,-2.86747754378444
2022-12-23,6.462550033174512,-4.13564221591228,2.1016938855425678,-3.0028662927414578,4.2411983266626185,-5.68658033203933,1.7162560391002084,-4.3849974457045615
2022-12-24,6.6619610018137285,-5.601958754734572,1.3004729798659456,-5.752440198899017,4.768576927387282,-3.1835388618168907,1.4166793731035594,-3.519624413563886
2022-12-25,6.882869665738507,-5.375462216327658,2.17747842730125,-2.891966001793901,3.5866972145174114,-3.6084988238506095,1.788242856400225,-5.3523189669658935
2022-12-26,5.457049249276512,-5.726835252149741,2.7373983473570545,-6.670372481940651,3.400772425040961,-3.6384516226662154,1.870005330579868,-4.362549001225949
2022-12-27,5.802491036598818,-6.153605894375789,1.7978999285595612,-5.728604734603211,2.4834478738170516,-5.2176259867075006,1.8008551116061446,-4.2803691455169615
2022-12-28,5.676504364979051,-4.305765965007962,1.0563192050932568,-4.305764275848545,3.9346910339580585,-5.1657269093188765,1.3830967563837413,-3.925614496670189
2022-12-29,7.942383881232064,-9.104376201896077,1.4418867100995938,-5.776317711799965,4.500414227995548,-3.5156755366670494,1.3667916501248478,-3.522336676719738
2022-12-30,6.960869165798365,-7.081040365886277,1.4806032249990413,-4.837119483167126,2.5131774359424117,-3.5319234344177115,1.7284503581384507,-3.998144959117864
2022-12-31,7.134676005355416,-6.402520689970933,1.816564868487468,-5.848595517631653,3.31938278500889,-4.043298597332338,1.511252797603988,-6.1543095940991455
2023-1-1,9.261182459057592,-5.617578553189866,1.469939585610078,-6.225464290051482,5.448462915892147,-3.91305000779096,1.53772136130825,-5.507672016759352
2023-1-2,7.366937761989367,-7.1202081704883735,1.1558341408753596,-5.139403405371602,2.607357467906481,-4.069366966577944,1.3011986407047302,-4.130251025592717
2023-1-3,4.906861058192026,-6.349251294577442,1.5332767228914823,-5.329859213879772,4.26076492469702,-3.36787816766497,1.1811720203972278,-4.0318058698165915
2023-1-4,7.689147184325459,-5.8111042656411875,2.129589749648585,-3.9797507692361247,4.083653113474915,-4.643031395688498,2.047739170386922,-5.208905508291597
2023-1-5,5.588760276989036,-6.177991434993863,1.276176993790792,-4.983568975741534,2.6364181673755214,-3.9408191890916635,1.3798337252832351,-3.089807162875341
2023-1-6,4.746036087348495,-4.9405838753940685,1.5627428749802486,-4.123451548932266,4.045777822667252,-3.565934695713937,1.636118875859301,-3.497423488842904
2023-1-7,5.884974198240943,-5.573804349064339,2.0671927535794508,-3.5523585135184046,3.1828011035863613,-4.201354644536625,1.945928794869341,-4.828569912076499
2023-1-8,7.224069008482988,-4.5258017039360485,2.4320314418821813,-3.4387282731351854,3.260739564190048,-2.8846373813716224,1.3448673147072843,-4.640479742020213
2023-1-9,9.220640827497151,-5.3893255148138,2.1520727399597166,-4.673259331756243,2.8287785990775025,-3.9215027178046697,1.3785955637953908,-3.237251327214845
2023-1-10,5.644147953194202,-6.036470395489341,2.1046042733002253,-4.2980969820721535,3.109464228622071,-3.4610037299943706,1.9793961612105968,-2.958303010425959
2023-1-11,6.718705583289298,-6.8107011178448795,1.5051630001827374,-3.830431982786356,3.581595561749884,-4.887776808558656,1.1570691296003417,-3.2390605777139414
2023-1-12,6.876693751050952,-6.80116407582899,2.001058676007176,-4.46785727191408,2.2512274175157487,-2.520033786570378,2.081135366491715,-1.8699413670576788
2023-1-13,5.09101458882166,-5.00193629996324,2.0395992507170986,-4.340298717454264,3.3958726863339614,-3.8705450981999303,1.7357671704828843,-2.226764432131555
2023-1-14,5.1274358890113065,-8.702068897235119,1.7256226792237008,-5.1109798187710185,2.8146113494171656,-4.1359459547407065,1.2560465020145894,-2.8871618796067082
2023-1-15,4.82466867488992,-9.777063963003792,1.7419156603296615,-7.767797726027484,2.5038425684546533,-4.193526028549148,0.8890461916384231,-4.0672601789025435
2023-1-16,5.618790196496451,-5.850864846039282,1.6152113687553225,-5.021112524716531,3.873454506697583,-3.8609166721110095,2.1308720312244738,-2.8266838913578507
2023-1-17,7.566493221837614,-7.357889688944162,1.658735371569766,-4.129923919385221,3.5730121411156626,-5.609808577537999,1.1062148002972316,-4.3490319243652715
2023-1-18,5.698674498386637,-8.273105316467277,1.6774353050346082,-4.28783577315249,3.2832585617122865,-5.281079109726599,1.4335055336381992,-4.485268504073068
2023-1-19,5.136640631075292,-6.7380948322643315,2.0235301219851003,-4.345055390734316,3.2463217627227743,-5.043219169480015,1.3692231410038416,-4.636152895835336
2023-1-20,5.63222266149866,-7.7491003165064605,2.0641637975898397,-4.5092575176106555,3.359411431659339,-4.780700936679434,1.244497091481674,-3.9844117157863472
2023-1-21,5.637295120344473,-9.721561558235896,1.7096860410779982,-5.2356068340356305,2.806079604068203,-4.358138648101654,1.0407805465750388,-5.9540439464624235
2023-1-22,5.856501652703337,-9.513067080149547,1.813894559087584,-5.44557143925487,3.0220113760915153,-4.513619267237084,0.959590476505656,-4.480026281743641
2023-1-23,6.178088957938884,-7.1667992823963065,1.8908691131295188,-4.39926361119595,3.2244963941775624,-5.224612624708001,1.1479002162283651,-3.992104888690162
2023-1-24,6.548878518568918,-6.8514123818203725,1.6417958859512032,-3.953792198107204,2.970487529475081,-4.880989217735419,1.1372064203506993,-3.6879963802807176
2023-1-25,6.831736886567054,-7.228401016618288,1.3107974439743626,-3.706444283574273,3.7359395242767595,-5.4057554628051845,1.057364615497351,-3.9003069151921497
2023-1-26,4.535451967987948,-6.464711432733942,1.6153252679990635,-4.1194742616329085,3.1984807213203186,-5.5371028813040875,2.0578029181252813,-4.456162054812834
2023-1-27,4.675757276497382,-6.426153658500991,1.614240543894968,-4.164566176275791,3.1512357772997928,-5.147162662054907,1.66224658739751,-4.190275092424425
2023-1-28,4.683262565593042,-6.5239170511852285,1.5430441585127488,-4.658772276314358,3.407477067810727,-5.0851148657550285,1.3434190320157189,-4.393967736207216
2023-1-29,5.520002441091719,-6.4227630328924326,1.6911440309734609,-4.47223834584891,3.5862105525250483,-4.724208397656617,1.1145482746203013,-3.9918143749309634
2023-1-30,5.067124427448856,-6.431824210414063,1.5476357886219416,-3.9210302374034103,3.472359541737198,-4.730324195454692,1.1203131276413298,-3.9797403540843233
2023-1-31,4.446222334389788,-5.935205173573243,2.5849010068606337,-4.025232311407434,2.7623516452321404,-4.46769239264637,1.1849110410292734,-3.8755325339631366
2023-2-1,5.397677153306314,-6.488999591429727,1.9715064621010827,-4.459221806893341,3.1990956039229026,-4.663484687832706,1.2568742245072433,-3.864589811223107
2023-2-2,5.8712311415718945,-6.33378539952446,1.9644859591018289,-4.9739721732635775,4.0452615472220215,-4.635131047433123,1.3334536252638558,-4.552574309969074
2023-2-3,6.559119889443428,-6.951738629369986,1.933958880658128,-5.126678306681669,3.284525184193252,-4.650153628309978,1.28822475471618,-4.609631355806703
2023-2-4,6.237507387720088,-5.936156999089923,1.8805871317250389,-5.22837908500268,2.7931982445567103,-4.4829573429787635,1.064889047936494,-3.8974678975002712
2023-2-5,5.108540249693955,-6.046339819248865,1.8439645989216016,-4.646879769991861,3.029255529050112,-4.411951021255862,1.4339845463098504,-4.547337521098249
2023-2-6,5.321634241043248,-6.760944715195455,2.2353185731788847,-4.026366390560933,2.9263767418944577,-4.121149718018073,1.4024886792068494,-4.020675370909975
2023-2-7,4.9696404044236795,-7.307916314379115,2.2333830183986154,-4.19305808926121,2.864456115729531,-4.019712048558644,1.1356171708044658,-3.8148264123180944
2023-2-8,5.121386864881028,-5.944835134979612,2.3241026308434485,-4.304753493821456,4.628861500154099,-4.6048506947820345,1.2788760598336268,-4.031492358358921
2023-2-9,5.467209214231723,-7.470846374725577,1.8415644134769211,-4.171809509908064,5.4925879406378195,-5.839221185784293,1.1719114119386431,-3.891016325185993
2023-2-10,5.760666206366972,-7.666959611809185,1.825864524360217,-4.292735680963583,4.002451895175327,-5.162363370369708,1.6316361932886423,-4.0252033690525
2023-2-11,5.1744252613407955,-6.763344056382973,1.6649047684632858,-4.266097954949204,3.1540736967246934,-5.472296239453425,1.4478425728092033,-4.170212403359772
2023-2-12,5.965175912030483,-6.365093223859277,1.9676339698012948,-4.128136268552867,3.2301793064013027,-5.784790770597452,1.4087247568205818,-4.128395429077659
2023-2-13,5.059469727367076,-6.667698942912043,1.928378929500816,-4.192069885852773,2.8624373317400824,-5.0881426253283655,1.1760890764087562,-4.3639994916418745
2023-2-14,5.135086756391836,-6.452629574224059,1.5422592883798243,-4.2358547386646315,3.030500005885884,-4.205221179169647,1.0214877549849373,-4.0622264601538935
2023-2-15,5.630856171396379,-5.756360575066457,1.6458974213170436,-4.066655446838166,3.3345432025412594,-5.346906460492802,1.1194231624962292,-3.9485989316865786
2023-2-16,5.650439352392263,-6.480035126663847,1.5576482539534071,-4.148102066944248,2.9982594032103163,-4.622691017681038,1.0921999187800409,-4.112531157218989
2023-2-17,5.4795876849709595,-6.25743430338914,1.5346544288806458,-4.941770563596347,2.8743583269851625,-5.160827534479997,1.0940482713084854,-5.566004257156488
2023-2-18,6.0416742782993875,-6.387664802024555,1.616500754989722,-4.162909109292466,2.833221076527842,-5.36621265297396,1.1248674452723144,-4.928849171163347
2023-2-19,4.888369060972892,-10.79834268537452,1.2288782657012451,-3.737230653259884,2.512485673717182,-4.996292687189613,1.1473607186193877,-4.08190744629776
2023-2-20,8.03784994586398,-6.289213754829952,1.3484163332305377,-3.4900831635019336,4.070485365736005,-4.466854796286414,1.59280539917512,-4.732244616479426
2023-2-21,4.913877182029268,-4.934276921328033,1.76853971641495,-4.2719734548003325,3.050616565652002,-4.869376348273049,3.6262948826898462,-10.455402775705034
2023-2-22,4.343135904111082,-5.501296885033292,2.085066405914896,-4.656823765135863,3.0527454134688066,-4.8416591650436835,2.848848483964636,-7.453260835639116
2023-2-23,7.30626953402321,-5.981333777807762,1.412819329331654,-4.320225441321982,2.7209048410431307,-3.835461925883122,1.5471056735829858,-4.956863849631888
2023-2-24,10.71880665979307,-5.99000735347458,1.4023297385147304,-3.715976489265583,3.281384221343552,-3.29106752344516,0.9816565322942435,-3.1574510036014067
2023-2-25,8.999453987625387,-5.9104434584103664,1.2930664343037908,-3.486388415274232,3.696159438339052,-4.513362997270835,1.1169732047163965,-3.7420423277821784
2023-2-26,6.316947808751733,-6.439529539300036,1.2290981724604135,-3.897018453825603,2.8772192110885824,-5.2252297652157065,1.2834401566227882,-4.313223241373263
2023-2-27,7.099804303684273,-6.652098859473758,1.6084324123167293,-4.871402374967318,2.80386963100834,-4.701449753487164,1.3179324950448168,-4.579292985991785
2023-2-28,5.778601392167992,-6.909674455156156,1.7464816148335442,-5.3160876483218775,2.927874376689873,-4.979769336758472,1.1053886025288164,-4.525864082746373
2023-3-1,5.527689728908878,-6.889610003819342,1.6822869784002832,-4.6929051929354575,3.0045133915319298,-6.436981869972223,1.3643822453617265,-4.334924476421617
2023-3-2,5.6298894166457805,-6.332296860790193,1.7140459489368904,-5.190375674897974,2.7749074737533515,-5.1781202905448325,1.5706878675091944,-5.1982111480847735
2023-3-3,6.404991284698203,-5.944711216600918,1.81774335965601,-5.521164097575059,2.948543771688955,-4.5819120120995835,1.7126047475824038,-4.781166471418826
2023-3-4,6.0347369490901634,-6.415295748843546,1.8855675700563332,-4.679367596419085,3.0533930071984323,-4.3683481860775535,1.7749872519280383,-4.564517822269356
2023-3-5,5.302462145271591,-5.744838276920159,2.0383994335839786,-4.830841242661926,2.629311987675871,-4.443344233572547,1.5572070646999008,-4.60335566583587
2023-3-6,6.245554125835736,-6.625589112323609,1.6140765099518588,-6.3045505477223225,2.8282840587616853,-4.5443327834596365,1.1701992847025338,-4.3379810540643975
2023-3-7,7.6141940946775755,-6.209347887535299,1.5077175637387614,-5.355603600644583,3.0938329485401805,-4.59377277757055,1.1390459254862058,-4.361885191390804
2023-3-8,7.5425448367728345,-5.538878069997009,1.5801217040815594,-5.2415824688548645,3.3330199978486066,-4.3986259031941,1.2736333144413996,-5.736813587157732
2023-3-9,6.513539499695496,-7.557108368950477,2.2884346886846614,-5.243730752176921,3.14594290227568,-3.783280554510088,1.1472754835689989,-4.577466466351571
2023-3-10,6.019959492503469,-5.814913233798134,2.387159121123073,-5.07597661384261,3.1340526636569144,-4.627113023142339,1.2917231326844547,-4.5539148008281884
2023-3-11,6.089671312601538,-6.107627095678848,1.7910951952306715,-5.214576363330919,2.8128934383352964,-4.916069092647012,1.115930968269505,-3.9990546644336233
2023-3-12,7.0415911938571965,-6.220130034929569,1.8330890236078323,-4.727370656599203,2.94470237998116,-4.080116991388497,1.0881768613367957,-4.180868080007203
2023-3-13,5.929450006499638,-6.226209578460287,1.8682952486494304,-4.756744630775208,2.810487212748072,-4.18933509092896,1.1802970983808123,-4.168867595992759
2023-3-14,4.9838850743440615,-5.751238557299902,2.1441191471984413,-4.3428740916951165,2.7821754958995357,-4.766159631651202,1.3396013178076336,-4.213165927079581
2023-3-15,5.810919836179268,-5.4861888268472905,2.0709051309854862,-3.820762504797336,3.5883174136588107,-3.5349456282014167,1.743662186261365,-3.6940609832720113
2023-3-16,5.439391160587179,-4.249957063142505,2.5526619771505783,-4.058136741171704,2.9851287565027547,-4.979928263144043,1.89089455579546,-3.1953561690833445
2023-3-17,4.949073139175477,-3.4902569164295496,2.133885562353767,-3.9868161704437535,4.051685566061862,-3.3930549876920644,2.5335382486851445,-12.5577744406594
2023-3-18,4.553097078896826,-3.9769879802770447,1.6443377017421883,-3.7668427303251515,2.8560418520555686,-3.5017032581963576,1.7947380749565127,-10.597573098260911
2023-3-19,4.034861870985877,-3.7099614169244046,2.1438927381157526,-4.0391917476915244,1.9656684241902809,-3.3450083871461733,3.299790430665207,-7.054365159161044
2023-3-20,5.257384297503147,-2.9519485734681434,2.787054289554665,-3.0453254528121465,3.30119270242335,-3.447025984595105,3.2144116020883,-6.509429854003201
2023-3-21,4.6036655221144684,-4.15961592847696,2.9900522580154814,-4.009202316181824,4.304469012378074,-4.301459508360607,4.6201652968610745,-5.239318099002026
2023-3-22,5.250576067492704,-5.76905740959328,2.8056378053480904,-3.6308763059238047,5.00965625469318,-3.224926328469764,2.3690034786935086,-5.070767238412001
2023-3-23,6.387652535363486,-5.0432938087506045,1.203961604323922,-4.2407722570242194,4.2747645317522265,-3.5165740631746303,2.21249613496002,-3.1173663209992815
2023-3-24,5.303209388697956,-5.083754435404541,2.0486942471303884,-3.0460110469264574,2.86403311038931,-5.699615091069719,2.2510516730253194,-2.4089095195488475
2023-3-25,5.337589146521914,-3.7523205258676513,1.8323720225885092,-4.566341908178648,3.173786649064024,-4.7403443972709915,1.6739496108624314,-3.3473018395226384
2023-3-26,5.2448215063815615,-7.098199640361239,2.5914928207551897,-4.188859624519453,2.8008366572771903,-4.0964383476029855,1.8224900806911148,-3.3183324444520355
2023-3-27,5.974085216683373,-5.75735671510616,1.7369717861027187,-5.559156155307015,2.887165819471063,-4.1767138794918734,0.9524587261463876,-5.893710266262272
2023-3-28,6.205858419885068,-6.580481245434122,3.638628477386648,-5.5185285194922695,2.085146093468549,-4.022749998475967,2.1916209644903097,-4.2295107556948865
2023-3-29,5.878479635448875,-4.4218415211912365,2.9087918893056868,-3.999661188092544,3.93713703203556,-4.836695906849814,1.1771568583937593,-3.7783550447747145
2023-3-30,4.555899900660157,-4.5245179286668025,2.6625652880550548,-5.534940301397654,4.406947770247272,-5.621557262378879,1.6734711724732934,-4.11896870050837
2023-3-31,5.491896620084223,-4.6563168528811305,1.529802287502368,-8.281250030208803,3.166696868165194,-3.604701827350546,1.825401631524952,-4.109596460511096
2023-4-1,4.459474838142302,-5.711238725637921,2.4534078093043004,-5.926047106735813,3.2827753564126163,-5.109474461835855,1.5735266167637194,-4.388412738484002
2023-4-2,4.64646239820804,-5.098868077008887,1.532350665585087,-4.741809404383762,2.644314693272264,-5.081680131221368,0.8981916430559367,-4.469961010020112
2023-4-3,4.405877754825926,-5.330558216223133,3.0465352059613955,-4.451399859403724,3.241494121295508,-5.194086634433052,2.267517134885228,-4.5811478607911615
2023-4-4,3.5577619738160133,-3.909665546860196,2.3418280919613608,-3.0642190409453183,4.626999985516704,-4.424453926803835,3.180161729827887,-2.7406792834335647
2023-4-5,5.247453111577227,-4.174545875188695,1.8652180237985851,-2.7064362309511245,3.897598917453487,-3.629210876222206,2.2133539430892086,-3.5650182259812384
2023-4-6,5.828835046722399,-4.97271831157796,1.5228900352130648,-3.427083090358857,3.4033211743864262,-3.897210934464919,2.2934680402951475,-2.6493211417553297
2023-4-7,4.323828139951953,-4.105864844663606,1.5843973191945593,-5.0901087927026385,3.449934268775179,-4.485536012048535,1.2582627261294883,-4.335108335963062
2023-4-8,6.591105825759647,-4.388975142308809,2.9538950524232064,-4.452727264619191,3.8619788496468033,-4.0632685466055705,1.5036884487637998,-3.800462974172588
2023-4-9,6.171719183853298,-5.439696936760212,2.455169234393828,-5.562546804736393,4.278961127560286,-4.042696652675275,1.8564006200429741,-3.7932413784654737
2023-4-10,5.387241529335717,-5.126626242325129,2.405143142781037,-3.993095605814097,2.642619502293708,-3.474086571226498,1.5887559040115309,-3.374188143178373
2023-4-11,4.989506517505597,-5.62724530699786,1.7100356692047454,-3.855762456729357,3.7121470229336433,-3.7047708694928105,1.0541724965337496,-3.0647559585806854
2023-4-12,5.0635764257024745,-6.499674961684412,2.201805955717016,-4.559752001408084,3.627731522031424,-4.699082902533728,1.247921361820003,-4.186038940422175
2023-4-13,5.770144305406108,-4.464903209997992,1.634905764384222,-4.064680571464123,4.080241804185788,-4.679480256331422,1.4057810484183182,-2.541445987953921
2023-4-14,6.737003930558746,-4.856217525401937,2.1099791289110605,-3.550873268244933,2.757014079657905,-5.501457861948204,0.942251817449685,-3.0598652455924484
2023-4-15,5.4179631789813785,-5.350669572171747,2.2261606029059857,-5.016848198734358,3.0485850047698824,-3.5513301743191708,0.8952751315613585,-3.6914801683984737
2023-4-16,7.407206466483331,-6.180075751284676,2.3239316498766134,-5.08445270764787,2.971205790094245,-3.740690545837424,1.738596322145895,-3.0724800185544154
2023-4-17,5.0469636536109945,-4.260958624158725,2.336572022375569,-4.015173081776823,2.721435364478416,-5.033633281420187,1.6248002244002226,-4.7486154405863275
2023-4-18,4.647232878476143,-4.896293472491236,2.5688723061124192,-3.3093338292012198,4.438746298811548,-4.239035437339243,2.533687724788644,-3.5937357815747224
2023-4-19,7.2166467735545226,-4.771882024786248,1.9129560107969013,-3.2283708308009653,3.235512940774879,-4.227785123474223,1.5988166431564372,-3.2446455322565084
2023-4-20,6.54364917705774,-5.398155128905354,2.5051592068746,-4.36066599718733,4.227056195696046,-4.7736653339406905,1.3515098279119502,-2.8968288334433185
2023-4-21,4.672274333376217,-3.5270136482346697,1.720253616552406,-2.99921777451791,3.8006318500444176,-4.545277126651904,1.463080620690658,-3.173596432951742
2023-4-22,8.308126786899972,-6.3823925685380045,2.018002342825639,-4.772512724846213,4.514660792902254,-4.322476838993477,0.9477515172491421,-3.308428678890373
2023-4-23,5.980050422349191,-5.209443157614418,1.82335633616144,-4.2688051970953635,3.873772285936093,-5.330230727942245,1.5893940790821224,-2.497136320387073
2023-4-24,5.160281074428443,-6.187660124974432,2.2470462085559446,-4.175369286534899,3.1689519881378727,-4.365282098567955,1.0166285716589234,-3.221277413639899
2023-4-25,5.43322759741088,-4.900655809700236,1.7972144835301445,-3.8722004375237975,4.53670798156276,-5.325211438427866,1.5743294466989142,-2.8663630836504
2023-4-26,4.300267974199814,-3.597139863430371,1.5810600568890876,-3.6301380924124267,4.717056133262116,-4.852819034585242,1.565173781002979,-3.757633730393529
2023-4-27,5.519276368453021,-4.6386625155403856,1.783909817764905,-3.658099424813345,4.817079790234289,-4.979692879768456,1.5626308230670483,-4.123398141476697
2023-4-28,4.262978807925029,-6.651971760287204,1.7431339307576177,-5.422734873713868,3.5541716853128937,-4.990354937343095,1.6512795940468483,-5.409535437693554
2023-4-29,5.376867872746625,-4.643640518261312,1.8128014467001696,-4.092533007566168,4.116587165868489,-4.9650972755096365,1.3979228987802088,-4.528627524427872
2023-4-30,5.552557502550603,-5.532658529187108,2.0142144631565437,-4.097505749846212,3.824136001998685,-5.7426408466081575,1.490374292678346,-3.723114607899882
