date,Ukraine,Russia,StandWithUkraine,Putin,UkraineRussiaWar,NATO,StopRussia,Russian,UkraineÔ∏è,UkraineWar
2022-2-23,3300,3058,440,2224,0,470,2,318,0,75
2022-2-24,812373,314461,179946,239680,1253,59184,6612,40905,0,25145
2022-2-25,2206770,659808,647388,338973,4846,151971,32196,65886,0,79013
2022-2-26,2345772,585295,660822,310528,89957,105232,173115,119131,0,157181
2022-2-27,2195563,549506,560680,314656,257406,86367,121821,154006,0,166911
2022-2-28,1645522,423865,329716,226289,487234,69978,217143,71293,0,94933
2022-3-1,1556274,402347,346922,214579,510488,67966,236950,57560,2,49015
2022-3-2,1304224,415034,326594,199956,457085,49740,82810,58795,0,66767
2022-3-3,1126578,356885,237376,247517,276078,48362,53799,55198,47,44000
2022-3-4,1023753,287073,156840,406355,163207,75941,116743,52163,553,31569
2022-3-5,876501,275012,164737,191713,103417,65639,109180,45254,5943,24116
2022-3-6,924149,297090,138199,240882,96683,54535,93995,56304,109728,15838
2022-3-7,943847,284740,116011,129206,60545,40650,81573,60399,141509,18513
2022-3-8,741920,242076,142642,107718,60269,45967,36716,34165,114300,12360
2022-3-9,675299,214942,159348,87089,51512,52386,84527,36490,136440,23042
2022-3-10,507188,201750,125502,77234,43790,26118,52743,26670,59904,43801
2022-3-11,527414,189002,138131,78878,64617,35548,62269,36429,39348,60814
2022-3-12,533857,168328,131937,68742,76859,29852,55559,30708,60606,38028
2022-3-13,597592,166629,135565,69043,76419,37863,58987,31563,31399,56005
2022-3-14,512837,167263,136253,62583,72517,32911,27779,23443,19150,56210
2022-3-15,536553,178862,135061,90619,59864,39224,34303,31141,17053,32965
2022-3-16,520452,156209,117637,75249,74478,39878,46363,28664,13366,33155
2022-3-17,502499,153022,119971,78983,66909,26950,51748,35364,17706,24263
2022-3-18,457627,181562,132007,97815,75477,25730,51639,27310,25487,26745
2022-3-19,401024,156407,119694,80027,48431,26315,32085,32913,32590,20049
2022-3-20,448450,161800,133680,72312,70382,21470,26831,35532,48470,16718
2022-3-21,441469,154299,129886,63724,75158,26756,33559,24724,51077,17241
2022-3-22,354901,152639,90614,58554,42290,21445,32903,28817,42846,11985
2022-3-23,365171,150039,86907,60519,34993,22605,27111,21824,20526,11404
2022-3-24,378246,128985,92390,52642,71374,74016,22839,21340,16585,22493
2022-3-25,300836,107139,87159,46978,39652,48807,14635,25797,14248,18494
2022-3-26,302722,122438,90307,52222,36954,27251,13765,25072,10394,20170
2022-3-27,264670,102675,66282,50696,24884,19060,14823,22009,8640,15496
2022-3-28,247070,104857,59784,46106,24725,15008,15133,16189,10892,16299
2022-3-29,210182,96936,38595,32764,33059,14744,13693,15840,13459,9811
2022-3-30,214149,87750,41001,36495,37473,12496,14522,14893,9650,8017
2022-3-31,228213,84132,42320,43196,33700,12380,14350,16238,6808,12359
2022-4-1,203482,84775,45933,35142,28256,10397,23949,13930,16183,10327
2022-4-2,224893,100343,73242,25151,29813,10818,19851,16643,14601,10732
2022-4-3,361184,134395,95735,50450,52227,18744,39255,22112,22716,12575
2022-4-4,276117,119897,107351,45313,41132,19438,51629,22693,12412,10615
2022-4-5,278096,147126,86012,42734,52372,15880,47464,21280,14844,11017
2022-4-6,244916,106015,68803,39256,31391,17193,23533,17036,6620,17613
2022-4-7,230869,100302,73332,31902,19623,22881,15631,19503,6794,12358
2022-4-8,244051,107600,62108,32967,19291,16168,27578,17620,10203,9106
2022-4-9,228552,87312,74026,34543,15640,13864,17407,24605,6543,10809
2022-4-10,221022,74175,54448,36266,23934,14681,25096,13558,8871,8611
2022-4-11,211788,83555,38122,36268,22998,20453,17412,29804,7090,9194
2022-4-12,214936,69846,42021,31769,20380,16182,13727,15992,5708,7831
2022-4-13,240986,80615,46993,32918,18071,32458,11153,18583,4726,9084
2022-4-14,211479,72731,34817,32622,26597,22655,11740,13580,18859,8156
2022-4-15,192527,67726,34332,27803,25538,26572,14289,12527,22590,10977
2022-4-16,169604,70870,29363,25879,15646,14523,11819,9716,23015,7101
2022-4-17,169192,71854,28646,21752,19232,11769,29914,12159,30385,7125
2022-4-18,190922,91515,34736,25772,26251,14041,23970,14512,32580,7597
2022-4-19,225497,85207,48848,27506,24391,13638,53853,14604,25780,9509
2022-4-20,184396,63767,40231,23701,32027,15971,17877,10931,12649,10787
2022-4-21,164593,63027,28311,31350,20569,11299,14743,16649,18120,7070
2022-4-22,146626,61766,28649,33052,16914,14315,11914,12846,19061,5227
2022-4-23,166801,56815,34543,26483,23475,10938,16513,11823,24274,6857
2022-4-24,159917,53489,34853,29487,17582,9905,12290,15285,21921,4151
2022-4-25,161495,65200,27259,22143,14728,13856,8176,19474,7971,7135
2022-4-26,169766,68364,37753,27137,23926,16305,8733,12708,8953,7577
2022-4-27,193872,83631,38901,27902,21874,14294,9029,13887,7239,7309
2022-4-28,197144,63669,32015,26784,24978,16456,10090,14418,7685,7714
2022-4-29,175201,51012,28008,22426,19205,11121,8901,15564,7948,9589
2022-4-30,154003,51869,38706,23193,11238,11823,10512,12735,6857,7791
2022-5-1,196381,64716,34162,22128,19280,9042,8875,12731,3766,9010
2022-5-2,149850,72285,40417,24049,19092,10645,9963,11594,22748,9344
2022-5-3,157669,66383,40756,25968,25273,13654,11244,15787,15018,14951
2022-5-4,155011,58996,38837,22482,15165,16819,10654,13540,10119,9706
2022-5-5,147624,57902,32866,21156,17111,12007,9622,13077,8991,11307
2022-5-6,148318,61173,23208,20067,17859,11232,7238,9624,5538,9512
2022-5-7,146552,58244,23143,19223,18646,13220,7335,9638,12823,7855
2022-5-8,172302,61793,62280,21601,13151,14225,9831,11578,13468,6132
2022-5-9,169080,73810,52394,48332,10736,12197,7912,10234,13733,5859
2022-5-10,158731,66756,32849,26247,9003,10071,5756,12085,5392,5215
2022-5-11,139966,54198,26074,24207,8398,11663,3944,10632,11071,7733
2022-5-12,133933,58409,22723,20142,10583,33600,5262,10372,11759,6848
2022-5-13,130613,51857,19559,32503,11471,24913,4782,9302,5546,6586
2022-5-14,134156,42374,26229,24871,13829,21323,3563,10988,11106,5339
2022-5-15,157766,46768,41179,15918,11302,30082,4730,9949,10029,7695
2022-5-16,145677,52637,29303,20643,12407,32745,3910,9343,7567,6806
2022-5-17,116972,45048,26593,19238,8171,30819,4836,7899,7852,5754
2022-5-18,102926,48125,24430,18492,9560,37218,4561,9658,7375,6301
2022-5-19,71382,33900,21429,9424,7110,16670,3061,5837,9070,3533
2022-5-20,112088,48097,35692,12053,10912,14951,4513,9147,8017,5670
2022-5-21,105877,43677,19653,13532,8721,12997,4213,10352,5552,6717
2022-5-22,100903,44095,20114,12278,11600,10169,4514,6867,10230,6181
2022-5-23,104212,46782,21579,14486,16612,10375,8053,7705,10058,4717
2022-5-24,104454,44322,22956,13600,15577,11744,9163,8597,6473,6950
2022-5-25,97040,35404,18433,14585,12048,9884,7054,7750,6261,4114
2022-5-26,108578,41796,34826,19032,13329,9043,4461,5867,5174,5040
2022-5-27,106965,51999,29668,16885,14494,9852,5841,9309,5187,6518
2022-5-28,115683,44081,40797,16432,19596,7897,7068,8596,4358,5927
2022-5-29,107176,38964,29531,27247,23925,7479,5621,8551,3744,5905
2022-5-30,108759,35553,23096,18258,17033,10071,5953,6446,6284,5057
2022-5-31,99672,45551,19707,14434,9956,8369,4355,6958,6938,4582
2022-6-1,106545,43580,21277,12437,11158,7031,8294,9476,10598,5955
2022-6-2,95926,34735,16508,11192,7013,6882,5303,7260,8242,5666
2022-6-3,99715,38760,29655,12775,6516,6908,8817,8241,6999,6479
2022-6-4,91457,33561,22618,12495,7074,7622,6723,9479,3807,5361
2022-6-5,107882,36923,22454,15919,14836,8785,4502,11204,5377,7491
2022-6-6,92011,36466,16552,14393,8803,7547,3591,9089,5243,7156
2022-6-7,93522,36243,17185,11167,7876,9230,5764,9084,8598,5721
2022-6-8,102745,41415,15053,12243,11123,9003,4996,7869,9486,7591
2022-6-9,108179,41503,12881,14110,9108,7676,3490,8506,6230,6563
2022-6-10,95484,39902,16470,16730,13043,8213,3519,8305,6279,5501
2022-6-11,98122,36333,17309,13704,11724,6950,3363,7874,7731,6838
2022-6-12,94222,35894,22193,12076,14764,6905,4071,7073,5323,7918
2022-6-13,88964,33521,17558,10089,13074,8976,4315,6453,5448,6895
2022-6-14,66394,27058,14141,9207,10213,6232,3703,4907,6305,6320
2022-6-15,88408,33836,17885,11878,12183,11581,4584,5557,7017,6108
2022-6-16,107306,31674,22202,9581,15498,9327,3487,5720,16573,7906
2022-6-17,96642,32341,18013,14787,10401,8745,2656,6325,7332,6197
2022-6-18,79348,26442,16007,15240,9983,6138,4085,5586,4636,4988
2022-6-19,78631,30997,12611,12651,9102,7996,3378,4757,2411,4314
2022-6-20,76033,35970,17200,13956,12006,9657,11564,9754,2240,7160
2022-6-21,77995,33020,12537,10713,11837,10718,8943,6363,4130,5295
2022-6-22,72081,40872,14513,10544,12021,10519,4691,6813,6820,4547
2022-6-23,98507,39044,14950,12444,11688,10392,2705,9329,3586,4452
2022-6-24,88211,30916,13575,10751,9187,9182,5027,5913,4782,4699
2022-6-25,69686,29164,16377,12291,7905,10067,3901,7836,2664,4417
2022-6-26,90206,42264,20210,15212,20271,11565,4046,10460,3487,7084
2022-6-27,104848,48354,13459,16510,17569,14649,9845,10260,3153,8899
2022-6-28,88758,44650,12719,13774,15730,68052,8205,7875,2240,5885
2022-6-29,77606,35441,13163,13583,15894,87398,8597,6468,2240,4706
2022-6-30,62863,26943,9132,15324,8781,44040,4433,5968,3749,5117
2022-7-1,68784,26886,14574,13797,8093,23509,4621,5401,5532,6123
2022-7-2,75906,30985,18552,10957,6972,11382,3224,5346,3200,3790
2022-7-3,69089,29873,12914,12753,9010,9535,3390,5697,3104,4393
2022-7-4,71080,25119,14572,8959,9764,8917,2970,6138,7263,4614
2022-7-5,68673,23953,13711,12357,5850,16070,3291,5215,6325,4802
2022-7-6,66161,26119,10928,10531,5175,10568,2828,8193,4527,5136
2022-7-7,63438,28607,11652,10722,9283,9917,2297,5380,3630,4468
2022-7-8,61464,31716,11967,15206,9863,11023,4219,4380,5603,4537
2022-7-9,61762,24645,9576,12376,8943,7200,2963,4601,4301,4629
2022-7-10,74654,27471,13803,13080,6342,9226,3178,5024,2337,5249
2022-7-11,80086,30821,15071,14353,5414,7812,3469,6896,1975,5372
2022-7-12,67762,29748,13004,13094,9475,6509,3278,5584,6725,4222
2022-7-13,63045,23471,11678,10891,6520,6870,4383,4955,4623,2841
2022-7-14,74042,35295,23473,13262,7884,7981,7412,5427,2080,4046
2022-7-15,67832,31425,15697,11182,6538,6816,4431,5566,3000,3688
2022-7-16,52589,21707,10978,8747,5803,8431,2430,3535,3473,3050
2022-7-17,60812,35341,14426,9857,4067,10388,2244,3581,3603,3216
2022-7-18,59616,30453,16248,10962,6270,10482,2269,4874,5498,4016
2022-7-19,50631,24594,12176,13854,6748,10405,2063,3993,7153,2624
2022-7-20,57529,25115,13815,19849,7637,7433,7133,4621,6870,3426
2022-7-21,52108,25230,15366,22848,7844,6459,6614,3709,5617,2466
2022-7-22,59925,25831,14281,14965,4871,5006,3647,3545,5274,2130
2022-7-23,59911,24874,10535,12155,7827,5030,5663,3939,2804,3564
2022-7-24,53799,20456,11683,8158,8343,4438,3458,3817,3975,4447
2022-7-25,59975,19324,11835,7923,8112,4545,2637,4010,2057,4426
2022-7-26,52214,22062,10146,8463,7143,5225,2531,3563,3011,4659
2022-7-27,52070,21469,8618,8784,8200,8257,3042,3822,6763,4564
2022-7-28,65293,33972,17076,15308,5683,6654,2937,3910,7993,4649
2022-7-29,69922,50628,15900,11336,14301,5871,7041,4265,11365,3833
2022-7-30,54320,39164,15315,9570,10083,6538,5223,3714,7816,3342
2022-7-31,57603,32733,15766,9442,10924,7075,3690,4161,4784,4457
2022-8-1,53193,24004,13419,8804,6101,13975,2622,3031,3460,5169
2022-8-2,57971,24267,10742,8940,5412,6711,1971,4114,2285,4794
2022-8-3,50158,21223,9875,11927,10134,4889,1522,3757,2207,3534
2022-8-4,48363,24909,10075,9794,9642,8561,2084,4239,3059,4945
2022-8-5,56100,24072,12893,9454,10497,4660,1582,4331,2336,4100
2022-8-6,70261,28560,15708,8090,10154,3963,2259,3831,3262,3613
2022-8-7,73847,21934,11907,6380,11039,4164,3305,3133,6151,4834
2022-8-8,64297,22290,11994,8380,11015,3875,2904,3888,8310,7165
2022-8-9,66014,24145,9183,6908,9127,4922,2204,4975,6464,6853
2022-8-10,55241,22205,8874,6637,5753,4572,1669,3342,3602,6279
2022-8-11,59027,26140,9428,8995,5796,3161,2100,3988,2588,5704
2022-8-12,42428,20324,9849,7763,6263,3546,1911,2591,3997,3263
2022-8-13,46013,18212,10484,6741,4738,3336,1810,3875,2731,2648
2022-8-14,45206,20375,9674,6338,8513,4201,1957,4274,2873,2564
2022-8-15,51948,21512,10054,10283,11749,5419,1997,4521,4325,3847
2022-8-16,61028,23117,11232,11044,9011,6207,1907,4400,2033,3838
2022-8-17,53236,26046,8384,11690,11547,6243,1750,5625,1899,4388
2022-8-18,57431,28393,10595,10074,10719,5592,2185,4216,7312,3305
2022-8-19,62612,26520,11201,12423,11356,4106,3676,3143,5949,3294
2022-8-20,62704,24331,10642,14043,12540,6683,2190,7674,6011,2860
2022-8-21,60964,29967,8508,19345,10256,6472,1316,6080,3250,3442
2022-8-22,59862,31062,9014,16204,9646,5516,1700,4397,6689,3662
2022-8-23,64913,26563,13154,10303,9032,5309,1420,2770,7442,3746
2022-8-24,131241,28602,51305,9093,6513,12488,1956,4374,18015,5381
2022-8-25,82455,24524,21127,11273,8979,9128,2068,3995,11992,3539
2022-8-26,71439,22516,13414,9603,11108,6451,1646,7563,9096,3369
2022-8-27,50741,19589,11540,9821,9033,5709,1277,6976,6655,3080
2022-8-28,45661,20937,9369,8738,9800,7854,1475,7571,5194,3081
2022-8-29,75772,25260,10093,9665,13106,7581,1318,7426,3458,3823
2022-8-30,87416,21438,10297,8778,6965,6552,1259,3615,5096,4176
2022-8-31,76984,28922,9025,10429,8200,8810,1165,3225,2925,3539
2022-9-1,70096,26785,9286,13537,7157,6817,3095,4231,5263,2728
2022-9-2,59398,25879,8759,13776,8081,7656,1638,4237,6877,3205
2022-9-3,69112,25535,8724,13370,10369,6351,1670,2839,5178,5826
2022-9-4,74890,27627,10360,14662,10061,6409,1663,4392,4234,6375
2022-9-5,86251,31823,9442,16040,9658,9086,3132,3394,2472,3832
2022-9-6,87217,33598,9311,17798,8998,6383,2791,3101,5096,4287
2022-9-7,87957,33857,9807,19695,16357,5266,3835,4221,7360,4112
2022-9-8,96680,30011,9127,18315,14449,5712,2107,5033,3950,4137
2022-9-9,88759,27191,8701,12836,15399,6578,1427,4952,6239,5476
2022-9-10,123348,36146,14025,19119,17025,7372,1748,5042,4959,6602
2022-9-11,155944,51942,21421,17935,25711,9625,2884,8310,3876,12280
2022-9-12,125166,54169,18624,24748,11135,6961,6105,7651,5409,7594
2022-9-13,112689,43418,18908,22318,11511,6760,5588,7391,3395,4532
2022-9-14,99786,46679,27689,24358,7634,11301,6901,5500,3942,8890
2022-9-15,94088,40371,12806,21323,7925,8504,2806,7252,7756,6287
2022-9-16,85722,45116,14922,23852,8619,8635,6294,5113,8988,5496
2022-9-17,102569,42106,14281,17513,8116,11506,6038,9603,11063,4524
2022-9-18,91163,30695,13602,15325,10113,8111,2934,6723,9028,4993
2022-9-19,83868,33047,11008,17166,13068,7632,2454,6499,5373,4283
2022-9-20,88410,47186,9648,27306,10803,8514,3078,7598,4511,4737
2022-9-21,161897,139215,16067,118688,34835,11803,3641,8339,8957,6570
2022-9-22,121309,116811,12893,65503,31714,11738,3082,5924,9298,4301
2022-9-23,104713,71549,9847,38265,27453,11817,2658,7830,6446,4025
2022-9-24,87218,55917,11833,27878,21067,9274,4417,6515,4304,5189
2022-9-25,109046,63699,13296,22482,15387,7944,3951,6936,4940,8339
2022-9-26,96119,65627,11063,18836,18410,7496,2253,5396,3578,7341
2022-9-27,100391,63264,9197,18053,22958,13923,2399,6282,3933,6838
2022-9-28,95674,59239,9858,20691,18972,16687,2585,8989,7859,5515
2022-9-29,82362,51475,14841,22160,10900,14605,2645,4692,5515,5350
2022-9-30,122230,71309,32524,59785,15240,38039,3206,6726,9914,8417
2022-10-1,134965,57774,25404,39934,12732,23357,2120,5771,6452,7737
2022-10-2,156040,59422,17432,28460,16839,13628,1902,4683,4361,9193
2022-10-3,156560,55109,13728,25674,17680,10679,2915,4939,4435,7401
2022-10-4,144571,50648,11619,23087,21590,10061,3361,5929,5905,6314
2022-10-5,108265,46181,13366,23531,16638,11326,1800,8862,4843,4695
2022-10-6,108583,51992,15854,20030,13806,9833,3359,6087,9789,6037
2022-10-7,99662,46461,13970,40324,10856,10694,2023,6172,8988,5274
2022-10-8,121394,55327,11060,57114,18981,9613,1715,6632,7688,6572
2022-10-9,99687,49939,11612,37551,19190,9482,2481,6361,9509,6501
2022-10-10,251847,114132,48641,58336,16125,22910,14624,9757,4130,8682
2022-10-11,155168,59958,24774,43278,9363,22135,4511,9435,15570,4512
2022-10-12,161964,46628,15745,26704,6301,14444,1873,4887,16981,3897
2022-10-13,128641,55303,15874,24284,9879,15348,1968,3798,21189,3822
2022-10-14,103703,58974,13363,19652,8527,11099,1758,4117,9351,4431
2022-10-15,90718,37261,10792,18411,12065,7509,1569,4238,6978,6450
2022-10-16,101195,39600,10212,17892,15086,10249,1487,4902,5100,8264
2022-10-17,110429,52485,13710,20205,10620,15717,3293,6296,9367,8921
2022-10-18,99159,57912,9289,16412,9852,11313,2633,5127,4341,9805
2022-10-19,90475,42873,15396,23136,8584,14654,2409,4416,6644,10338
2022-10-20,90193,41249,11225,21140,7184,15316,2166,4383,5703,7549
2022-10-21,92354,37363,10942,16486,5118,11103,1474,6340,4943,7020
2022-10-22,131859,37227,10042,50940,5722,9186,2381,5061,5120,7628
2022-10-23,101684,48041,9804,18189,8620,10948,2484,5634,4686,6478
2022-10-24,87627,36508,9807,12791,7630,10002,1362,4496,5565,4439
2022-10-25,94308,32222,11999,12481,6872,9194,2092,3666,5200,4500
2022-10-26,109930,37878,9964,13429,11112,10515,1459,3847,4310,6032
2022-10-27,81094,43105,9364,20105,11468,8107,1822,3577,2467,5038
2022-10-28,80054,32131,12695,24511,17736,9174,1067,4885,3342,4916
2022-10-29,87897,35203,12028,16337,12378,10960,1945,6319,4898,4974
2022-10-30,74651,33434,10150,11643,10399,6518,1474,4231,4355,5264
2022-10-31,87288,36193,12438,12961,7582,5888,1621,3969,4514,5011
2022-11-1,79261,33755,10699,12493,5784,6712,1262,3773,7548,4791
2022-11-2,73291,33221,8452,10910,5288,7760,1240,3671,4399,5039
2022-11-3,72962,33378,8701,9244,6877,7681,1820,2568,6162,4675
2022-11-4,75177,30364,8960,9752,7414,6113,973,2784,4799,4559
2022-11-5,74977,27136,6173,10133,6948,5226,1123,2873,2757,3289
2022-11-6,70772,29213,6143,8771,7694,4858,2625,3302,2412,3868
2022-11-7,74019,31301,6515,8815,6327,6093,1893,3926,2621,3400
2022-11-8,58547,25217,8236,8764,5529,5701,1298,2412,5219,3640
2022-11-9,71350,23062,7833,7999,6711,5372,1231,2986,5820,3699
2022-11-10,69952,22819,8373,7235,8538,5014,1514,2661,5991,4176
2022-11-11,112111,24099,13882,6216,10729,3851,1665,3496,6374,5267
2022-11-12,87756,22427,12250,6884,6419,2658,1584,3326,2279,5086
2022-11-13,82885,23167,8647,11299,7200,3107,1648,3283,2479,4423
2022-11-14,71799,22522,7709,7958,6332,5603,1356,3612,2724,4026
2022-11-15,117338,52374,9961,11842,7866,43996,2830,8050,9796,3748
2022-11-16,128822,57871,9617,10721,8707,47320,1753,4248,6907,2981
2022-11-17,93133,30690,10517,6935,9116,15941,2232,3771,4429,3748
2022-11-18,69967,24681,7235,6260,8377,10079,1165,3348,7329,4077
2022-11-19,66824,25299,7759,5419,8945,9643,2012,3521,5928,5609
2022-11-20,62684,20382,8560,5065,8283,6969,1971,3721,4586,5534
2022-11-21,60940,18389,7748,4766,7969,9449,1199,2566,8085,3930
2022-11-22,57259,18694,6605,7968,5951,7013,1386,2603,9924,3995
2022-11-23,69992,33243,8492,12761,6413,5801,2269,3943,3971,5169
2022-11-24,71279,29104,9466,9893,6730,8152,1631,3428,4392,3968
2022-11-25,66851,23150,13523,7649,5270,8795,1544,3074,4361,3884
2022-11-26,69371,24607,14185,7532,6408,7021,1844,2487,3317,4587
2022-11-27,59870,23415,12482,5536,6705,6750,1408,2193,3791,4780
2022-11-28,52679,23190,8246,5287,5573,7317,1128,2325,3568,4291
2022-11-29,56230,19505,9989,5132,4980,13836,1339,3124,3728,3170
2022-11-30,58476,24186,12260,6166,4449,15644,3445,2585,5928,3319
2022-12-1,58620,21394,11002,6317,6992,10532,1963,2955,5537,3082
2022-12-2,54674,20465,9276,7890,5762,6504,1306,2771,4425,3119
2022-12-3,59902,25036,8924,7700,6056,5516,1979,3393,4050,2992
2022-12-4,61557,22679,12506,7456,8217,5420,2421,2318,11761,3233
2022-12-5,81130,30739,13308,8625,7675,6538,1526,4150,5266,3110
2022-12-6,81551,26811,10337,7344,6119,7215,1089,3471,2625,3095
2022-12-7,68542,22355,11159,5705,6370,5952,1170,2132,5142,3585
2022-12-8,50154,23484,13020,7883,5252,5352,1022,2183,8144,3746
2022-12-9,46277,25518,10794,8414,4334,4087,1084,1979,5301,2521
2022-12-10,48158,22632,12288,7295,5359,4953,1386,2191,5089,2805
2022-12-11,66618,22705,10460,7037,4446,5495,1272,2657,4376,3038
2022-12-12,70220,21440,8510,5738,8800,4495,975,1807,2507,3354
2022-12-13,56834,14610,7621,5094,9391,3302,1150,2110,4339,2982
2022-12-14,57675,18513,14810,5106,8849,4028,1304,1796,4549,3071
2022-12-15,57784,21919,16598,6257,6903,5558,799,2099,4560,2782
2022-12-16,63186,22230,10340,6947,10399,5348,2096,3375,3647,3330
2022-12-17,56406,22001,10515,8399,13287,5202,1958,3688,4192,3358
2022-12-18,55001,23230,8863,7093,11523,4931,1226,2606,2953,3398
2022-12-19,53474,18722,10218,10021,6207,4738,2093,2350,2704,2340
2022-12-20,64782,20014,10984,9164,7225,7919,2454,3018,7785,4894
2022-12-21,59583,17203,10407,6876,4744,7382,1378,1973,6336,5505
2022-12-22,201,46,36,25,11,16,4,2,2,3
2022-12-23,163,52,30,27,19,13,4,6,7,3
2022-12-24,175,44,39,19,15,5,6,3,11,3
2022-12-25,157,51,30,36,16,18,6,2,8,5
2022-12-26,155,70,27,32,12,6,4,3,18,12
2022-12-27,161,73,17,47,8,23,3,10,10,11
2022-12-28,186,53,24,29,27,15,3,4,4,16
2022-12-29,204,56,19,16,26,12,9,6,6,11
2022-12-30,179,44,30,33,20,11,7,8,7,15
2022-12-31,169,57,32,32,27,11,8,5,5,13
2023-1-1,149,66,28,23,21,9,4,4,6,2
2023-1-2,141,43,22,16,34,9,8,5,15,6
2023-1-3,150,46,31,19,17,17,3,9,21,10
2023-1-4,205,46,22,32,23,13,2,7,9,10
2023-1-5,204,68,16,28,25,18,4,5,7,13
2023-1-6,189,40,19,30,19,33,5,4,6,9
2023-1-7,170,58,14,37,22,23,6,12,5,11
2023-1-8,169,60,16,24,14,13,4,6,4,10
2023-1-9,174,73,30,20,18,20,3,7,5,6
2023-1-10,166,59,29,15,15,22,4,3,4,11
2023-1-11,37560,8942,6628,2615,3773,3534,687,1295,3020,1924
2023-1-12,215,56,27,22,18,26,2,10,8,6
2023-1-13,154,55,17,8,19,22,2,8,5,10
2023-1-14,185,82,18,12,13,12,8,9,5,12
2023-1-15,169,60,82,13,2,29,21,3,4,11
2023-1-16,158,60,25,22,13,24,4,10,8,11
2023-1-17,28445,13715,8729,3512,2483,3209,1343,1057,2332,1962
2023-1-18,70548,21993,15069,8680,5823,10094,4239,3262,3015,4196
2023-1-19,73809,23632,9630,9326,6382,14474,1611,2419,9331,3100
2023-1-20,72320,23370,11869,8546,5787,12467,1536,2042,14149,3117
2023-1-21,79873,18816,11508,7541,4749,12727,1630,2456,11468,3607
2023-1-22,75426,16043,11488,7602,5871,9840,1362,1999,9453,3502
2023-1-23,68198,20355,8456,7038,7797,9783,1161,2157,15186,4048
2023-1-24,82159,19237,8859,7639,10612,13506,1304,2686,15102,3353
2023-1-25,118619,26008,10853,15299,11643,15304,1464,2664,10716,3647
2023-1-26,101937,30080,11527,14977,15681,13086,1584,2571,9752,3565
2023-1-27,82729,27223,8791,11646,11049,7720,1841,1748,5344,2975
2023-1-28,70057,21162,7689,9563,7452,10381,3182,1577,5847,2926
2023-1-29,74567,25537,9691,8060,8780,11097,2695,2272,3538,3081
2023-1-30,76664,25997,7726,10043,7007,11167,1776,3124,5491,6650
2023-1-31,73729,24279,6611,7889,7959,10090,1341,2581,5627,3188
2023-2-1,67783,22038,6648,6966,11417,8399,1485,1966,4200,3071
2023-2-2,69330,24656,10809,9523,8407,8959,3626,2647,4746,5377
2023-2-3,72453,23791,10879,10518,9027,8078,2309,2408,4130,4369
2023-2-4,66781,21247,13238,6944,10694,7792,1649,2551,3461,4434
2023-2-5,66037,26640,10070,8577,12233,11312,1538,3103,2193,3625
2023-2-6,74030,34079,10101,8982,11436,9081,1208,3018,1477,4000
2023-2-7,77080,23706,7391,7089,12092,10134,1180,6271,871,4464
2023-2-8,76693,20776,7356,9025,9933,12965,1433,4372,941,4865
2023-2-9,96360,25180,10422,12404,12624,12002,1235,4244,2374,4139
2023-2-10,77236,23965,9595,9708,11335,10628,1487,5580,12819,6410
2023-2-11,61846,18853,11154,10094,11252,7111,1006,3140,23762,5317
2023-2-12,60993,23817,8976,10104,10904,8812,2015,2813,21213,6082
2023-2-13,65385,28312,7429,9673,7927,11812,1934,2919,12418,6013
2023-2-14,74082,28992,7707,8982,6236,16363,2632,5430,4500,4743
2023-2-15,80690,29769,8820,11723,9583,17035,1220,6042,3612,6724
2023-2-16,86564,36225,8792,12047,18827,15193,1286,5634,5220,6188
2023-2-17,99146,36730,10065,12408,24847,11194,1533,4753,4398,6450
2023-2-18,104553,36997,10411,15839,30522,13893,1726,4595,2564,9268
2023-2-19,127359,29424,8347,14300,28935,11456,1592,4093,3283,7653
2023-2-20,145656,32512,16267,17723,16786,13231,1876,3200,11618,10559
2023-2-21,133893,60752,12950,95049,12762,20348,2099,3854,6655,9472
2023-2-22,103645,46401,11142,52777,12117,16745,1724,3083,3022,6788
2023-2-23,132339,48021,25887,23285,9924,12827,1893,4456,1612,6555
2023-2-24,262046,73012,99786,23864,8682,16661,2072,12766,5761,16005
2023-2-25,162095,43508,50592,18533,6382,16029,1360,5871,2776,10119
2023-2-26,115730,35041,20383,16330,7906,15953,1295,5485,1848,7315
2023-2-27,108020,36395,12603,16869,12662,17039,1404,5509,4774,7794
2023-2-28,83699,35049,10054,12596,11659,13635,1449,6360,3297,6034
2023-3-1,84370,31493,9455,11020,11524,10921,1157,5298,2380,4881
2023-3-2,80229,31126,10897,11963,8240,8398,1610,3849,2930,8338
2023-3-3,76305,30749,10518,13120,10754,6491,952,5139,4487,7973
2023-3-4,73873,28139,10134,11294,11253,10293,1123,4512,4170,6396
2023-3-5,66281,28873,8582,13079,12365,9102,1995,5807,6404,5659
2023-3-6,76246,29709,8388,8264,10129,7620,2733,4013,3054,5575
2023-3-7,75463,25845,7831,8662,10792,8740,1604,2849,2639,5377
2023-3-8,66174,24796,8389,9504,7251,9323,1127,3018,1499,4726
2023-3-9,67970,25958,8903,8210,5729,7421,1801,3324,1376,4721
2023-3-10,59225,28728,7820,6887,6545,6951,846,3419,3193,4218
2023-3-11,57123,32679,7339,5653,9816,9637,1862,3039,1249,5811
2023-3-12,65851,27642,6689,6119,8254,9739,1209,3042,1397,5461
2023-3-13,71071,28055,8966,8668,9167,12396,1434,4190,1197,5220
2023-3-14,58237,29293,15183,8272,8880,10707,933,3020,2210,5030
2023-3-15,203,93,29,28,24,24,3,7,3,16
2023-3-16,201,97,29,24,36,19,5,5,1,6
2023-3-17,180,111,22,82,6,27,4,16,9,3
2023-3-18,144,115,20,74,7,41,11,8,8,6
2023-3-19,142,74,14,106,18,25,6,8,27,10
2023-3-20,133,83,22,94,12,14,3,2,10,6
2023-3-21,159,94,17,65,15,32,2,10,7,12
2023-3-22,201,95,15,61,27,24,3,16,4,13
2023-3-23,232,92,15,41,34,36,7,16,6,8
2023-3-24,210,82,9,30,35,44,6,6,3,15
2023-3-25,154,77,20,34,25,28,6,4,4,3
2023-3-26,170,83,17,54,35,50,1,17,1,10
2023-3-27,168,90,27,45,36,30,4,7,0,14
2023-3-28,208,88,20,35,26,31,5,9,2,21
2023-3-29,227,111,31,24,25,32,8,13,3,33
2023-3-30,213,164,19,36,22,40,0,3,3,66
2023-3-31,167,103,37,31,16,68,9,6,2,16
2023-4-1,173,82,21,24,21,28,3,9,2,12
2023-4-2,203,75,30,43,40,27,4,9,4,50
2023-4-3,209,96,17,20,30,55,2,13,0,22
2023-4-4,190,80,21,18,15,157,1,4,2,16
2023-4-5,245,80,20,28,24,61,4,12,4,15
2023-4-6,227,96,25,35,29,60,3,12,8,22
2023-4-7,176,107,24,40,38,44,3,16,1,24
2023-4-8,204,101,27,27,26,21,7,20,1,27
2023-4-9,167,67,17,24,13,18,6,16,3,18
2023-4-10,233,87,16,24,23,28,5,9,4,30
2023-4-11,346,171,19,31,28,35,7,8,2,18
2023-4-12,268,127,22,31,8,31,17,9,3,11
2023-4-13,248,79,23,20,30,38,9,12,1,14
2023-4-14,248,112,32,18,24,41,14,11,3,18
2023-4-15,268,133,58,29,33,33,9,15,6,30
2023-4-16,247,99,39,34,47,32,5,18,2,20
2023-4-17,312,161,50,60,54,47,9,24,10,29
2023-4-18,344,195,39,69,63,44,9,20,7,35
2023-4-19,533,233,42,74,54,58,8,27,6,41
2023-4-20,728,305,84,84,68,161,26,36,19,52
2023-4-21,8327,3303,764,943,688,3154,137,512,213,629
2023-4-22,446,187,81,64,72,63,11,20,4,75
2023-4-23,572,244,60,115,117,108,13,23,13,59
2023-4-24,1139,372,81,71,95,102,23,39,7,118
2023-4-25,1276,635,118,192,315,281,28,58,18,115
2023-4-26,13198,6517,1219,1781,1919,1475,181,467,121,577
2023-4-27,33481,13856,3321,4128,2595,3950,696,1335,265,1733
2023-4-28,39007,17716,5882,6374,2434,6167,1701,1606,281,2654
2023-4-29,34980,15327,5426,4543,2281,6107,849,1264,438,2036
2023-4-30,40376,14254,4076,4317,1878,3857,743,1306,375,1882
2023-5-1,39270,13751,3325,4451,2375,3676,826,2017,545,1616
2023-5-2,34580,14539,3849,4473,1365,2943,889,1379,145,1059
2023-5-3,89413,55472,11632,33522,5106,19235,1930,7351,2173,6678
